birthday,first_name,last_name,email,gender,ip_address,currency
02/25/1950,Orland,Rego,orego0@skype.com,Male,189.153.206.162,Ruble
09/23/1999,Vyky,Waumsley,vwaumsley1@princeton.edu,Female,165.44.64.194,Yuan Renminbi
07/01/1968,Cornie,Pinks,cpinks2@hostgator.com,Bigender,31.27.111.115,Euro
11/16/2007,Agnese,Endacott,aendacott3@senate.gov,Female,52.52.76.228,Ringgit
03/06/1971,Matt,Wilcott,mwilcott4@gov.uk,Male,64.3.48.34,Rupee
06/18/1944,Evangelina,Badham,ebadham5@squarespace.com,Genderfluid,175.82.119.195,Ruble
07/02/1973,Hubert,Rizzo,hrizzo6@over-blog.com,Male,121.21.74.19,Rupiah
11/24/1992,Marris,Rubertelli,mrubertelli7@adobe.com,Female,171.166.8.47,Dollar
11/14/1948,Fleurette,Abramovicz,fabramovicz8@elegantthemes.com,Genderfluid,213.17.225.67,Shilling
04/21/1969,Darby,Keppy,dkeppy9@last.fm,Female,38.102.7.108,Franc
04/13/1989,Natalina,Rubenczyk,nrubenczyka@youtu.be,Female,33.198.24.13,Yuan Renminbi
05/19/1955,Gabriella,Guilder,gguilderb@bravesites.com,Female,169.65.186.84,Yuan Renminbi
03/19/1954,Patience,Marner,pmarnerc@scribd.com,Female,234.150.101.138,Dinar
12/09/1961,Isa,Clemitt,iclemittd@abc.net.au,Male,94.73.39.11,Yuan Renminbi
01/25/1988,Pauli,O'Sharry,posharrye@nbcnews.com,Female,8.139.36.21,Euro
03/15/2001,Bernice,Gumn,bgumnf@columbia.edu,Female,153.205.133.215,Zloty
12/14/2006,Nicolea,Leber,nleberg@bbc.co.uk,Female,64.166.72.188,Ruble
08/13/1971,Donny,Terrans,dterransh@china.com.cn,Female,17.71.116.194,Yuan Renminbi
05/12/1971,Yurik,Baudinelli,ybaudinellii@ocn.ne.jp,Polygender,60.147.226.201,Euro
07/01/1953,Dean,Duhig,dduhigj@blogger.com,Male,73.160.167.255,Yuan Renminbi
07/22/1957,Mildrid,Beadman,mbeadmank@nps.gov,Female,79.51.109.21,Rupiah
08/17/1945,Gradey,Duckerin,gduckerinl@answers.com,Male,176.53.24.127,Rupiah
12/24/1999,Sal,Sail,ssailm@geocities.jp,Male,17.71.253.54,Dollar
07/13/1987,Jacintha,Cartmael,jcartmaeln@epa.gov,Female,140.227.97.183,Ruble
07/16/1939,Analise,MacMenemy,amacmenemyo@histats.com,Female,152.74.117.96,Yuan Renminbi
02/17/1980,Chrissie,Snowman,csnowmanp@hubpages.com,Genderfluid,11.146.74.87,Yuan Renminbi
12/03/1979,Olivier,Clipson,oclipsonq@goodreads.com,Male,59.249.216.13,Zloty
06/08/1998,Marya,Forsey,mforseyr@stumbleupon.com,Female,202.135.135.137,Yuan Renminbi
05/03/1938,Cortney,Bantham,cbanthams@hexun.com,Female,168.131.32.238,Dollar
04/01/1954,Gert,Hitschke,ghitschket@symantec.com,Non-binary,184.84.165.158,Rupiah
03/23/1938,Esteban,Boomes,eboomesu@cafepress.com,Male,103.24.232.95,Euro
12/12/1975,Glen,Davinet,gdavinetv@hatena.ne.jp,Female,138.223.96.57,Rial
01/26/1999,Dana,Croston,dcrostonw@pinterest.com,Male,242.215.246.63,Shilling
11/21/1979,Zorina,Crookall,zcrookallx@freewebs.com,Female,112.112.245.0,Yuan Renminbi
10/06/1931,Bird,Ryrie,bryriey@merriam-webster.com,Female,73.109.174.120,Krona
10/24/1967,Elonore,Tsar,etsarz@nymag.com,Female,227.82.228.242,Hryvnia
12/31/1987,Chrystal,Gossop,cgossop10@cnbc.com,Female,108.17.98.76,Dollar
01/06/1984,Alix,Nevitt,anevitt11@meetup.com,Male,49.6.32.253,Yuan Renminbi
10/28/1961,Emmalyn,Fordham,efordham12@homestead.com,Female,206.51.246.242,Yuan Renminbi
08/03/2005,Bendite,Auden,bauden13@bluehost.com,Female,228.224.148.66,Euro
04/05/1927,Vikky,Livingston,vlivingston14@yahoo.co.jp,Female,46.240.97.35,Kwacha
09/30/1944,Maxie,Farnworth,mfarnworth15@hatena.ne.jp,Male,72.18.193.155,Boliviano
08/15/1951,Nick,Edworthye,nedworthye16@java.com,Male,107.182.216.10,Yuan Renminbi
06/15/1983,Pansy,Nerheny,pnerheny17@themeforest.net,Female,28.51.133.144,Zloty
06/29/1962,Beitris,Camell,bcamell18@ebay.co.uk,Female,8.179.151.124,Rupiah
09/21/1976,Sena,Chasmer,schasmer19@imdb.com,Female,83.94.47.21,Euro
10/26/1999,Justino,Emblen,jemblen1a@mysql.com,Non-binary,191.58.228.8,Rupee
03/01/1998,Raina,Dallmann,rdallmann1b@storify.com,Female,235.195.70.160,Dollar
12/08/2000,Sorcha,Gocke,sgocke1c@kickstarter.com,Female,136.28.167.18,Real
08/21/1936,Isador,Seagrave,iseagrave1d@phoca.cz,Agender,84.111.2.91,Euro
12/18/1955,Etti,Liddicoat,eliddicoat1e@issuu.com,Female,131.211.131.42,Dinar
09/22/1921,Abagail,Walsom,awalsom1f@privacy.gov.au,Female,216.87.9.41,Yen
12/06/1988,Ali,McGuiney,amcguiney1g@ucoz.ru,Male,13.136.47.158,Real
12/25/1999,Tatiania,Filliskirk,tfilliskirk1h@lulu.com,Female,208.47.24.45,Yuan Renminbi
12/01/1920,Burr,Kunc,bkunc1i@ox.ac.uk,Male,243.24.189.78,Colon
09/01/1926,Lacee,Demageard,ldemageard1j@blogtalkradio.com,Female,149.196.228.6,Rupiah
01/07/1993,Geri,Chestnut,gchestnut1k@ox.ac.uk,Female,43.113.61.181,Rupiah
05/11/1973,Pooh,Kidston,pkidston1l@chron.com,Female,53.205.194.195,Ruble
03/24/1963,Erica,Malatalant,emalatalant1m@mapquest.com,Female,119.252.195.156,Krona
05/28/1927,Correy,Cropper,ccropper1n@usda.gov,Male,79.105.61.51,Baht
09/15/1930,Arturo,Storck,astorck1o@mysql.com,Male,84.186.165.197,Peso
12/07/1987,Gayelord,Ruoff,gruoff1p@fda.gov,Male,232.248.86.222,Koruna
07/19/1993,Sharron,Huet,shuet1q@theatlantic.com,Female,146.14.43.182,Peso
06/06/1944,Leoine,Greene,lgreene1r@squarespace.com,Female,75.157.106.3,Sol
03/15/1942,Vonny,McGavin,vmcgavin1s@wikia.com,Bigender,64.142.209.60,Euro
04/04/1937,Maible,Kapiloff,mkapiloff1t@trellian.com,Female,57.250.139.109,Euro
04/03/1955,Craig,Tilzey,ctilzey1u@google.ca,Male,26.171.39.127,Rupiah
09/24/2005,Aloysia,Hodge,ahodge1v@dell.com,Female,143.161.15.35,Shilling
07/06/1928,Isabel,Toomey,itoomey1w@unesco.org,Female,242.20.67.41,Yen
11/25/2000,Jessica,Nudde,jnudde1x@etsy.com,Female,123.116.133.228,Euro
08/07/1955,Chrissy,McVicar,cmcvicar1y@scribd.com,Non-binary,190.235.85.232,Yuan Renminbi
10/04/1984,Sharla,Bewsy,sbewsy1z@so-net.ne.jp,Female,251.220.48.145,Dinar
12/11/2004,Bram,Cregeen,bcregeen20@economist.com,Male,183.38.143.234,Peso
12/19/1963,Carlyle,Love,clove21@harvard.edu,Male,245.185.158.127,Peso
01/19/1960,Payton,Bounde,pbounde22@epa.gov,Male,251.239.123.29,Koruna
08/06/1961,Jorgan,Aistrop,jaistrop23@printfriendly.com,Male,106.223.59.42,Yuan Renminbi
01/11/1997,Cristy,Snoxell,csnoxell24@apple.com,Female,58.70.100.230,Boliviano
07/12/1925,Nap,Gladdish,ngladdish25@quantcast.com,Male,217.28.141.201,Yuan Renminbi
11/17/1964,Cassie,Wonter,cwonter26@oracle.com,Male,32.147.96.140,Dong
06/14/1965,Vasili,Tanser,vtanser27@spotify.com,Male,170.133.134.240,Euro
01/03/1941,Yvor,Donohoe,ydonohoe28@tinypic.com,Male,218.138.254.79,Zloty
10/07/1960,Damon,Simonyi,dsimonyi29@apple.com,Male,249.192.235.49,Dirham
11/12/1924,Jeremie,McAlpine,jmcalpine2a@house.gov,Male,139.108.54.138,Peso
01/30/1955,Amelie,Greenleaf,agreenleaf2b@digg.com,Female,13.20.249.240,Dong
02/28/1994,Gnni,Gyurko,ggyurko2c@aol.com,Female,186.188.73.96,Ruble
10/15/1946,Torey,Hannis,thannis2d@irs.gov,Agender,109.32.226.5,Won
10/23/1931,Mickey,Waumsley,mwaumsley2e@sciencedaily.com,Male,83.5.10.204,Yuan Renminbi
01/18/1943,Robbie,Labitt,rlabitt2f@usnews.com,Female,4.126.249.140,Rial
06/24/1981,Donni,Rebeiro,drebeiro2g@earthlink.net,Female,16.244.123.199,Rupiah
08/27/1959,Jayne,Writtle,jwrittle2h@blogger.com,Female,84.158.127.161,Dong
05/25/1982,Hank,Snugg,hsnugg2i@ow.ly,Male,127.176.149.241,Lev
09/28/1984,Gerald,Dundendale,gdundendale2j@storify.com,Non-binary,192.240.42.108,Krona
07/18/1936,Cliff,Allitt,callitt2k@mysql.com,Male,9.54.167.201,Rupiah
06/03/1956,Wyatan,ducarme,wducarme2l@typepad.com,Male,29.124.231.154,Zloty
01/26/1959,Barthel,Caine,bcaine2m@mapquest.com,Male,170.71.64.81,Ruble
02/02/1990,Rickey,Terry,rterry2n@mashable.com,Male,37.112.168.57,Yen
07/21/1952,Sheelah,Hargie,shargie2o@merriam-webster.com,Female,133.108.118.90,Franc
04/13/1940,Reidar,Offell,roffell2p@godaddy.com,Male,138.32.146.99,Afghani
03/09/1954,Chrissie,Woodhouse,cwoodhouse2q@netvibes.com,Male,192.192.89.126,Yuan Renminbi
04/16/1978,Cos,Dacre,cdacre2r@webnode.com,Male,47.128.199.108,Zloty
06/07/1973,Kiel,Wellesley,kwellesley2s@chicagotribune.com,Male,69.117.27.163,Pula
04/04/1930,Fanni,Farden,ffarden2t@webnode.com,Female,186.80.86.31,Rupiah
04/02/1961,Kip,Pleven,kpleven2u@godaddy.com,Male,92.158.60.59,Yuan Renminbi
11/30/1964,Morly,Caddies,mcaddies2v@google.it,Male,206.120.248.24,Ruble
09/19/1996,Daryl,Tanby,dtanby2w@com.com,Female,159.45.50.243,Hryvnia
05/06/1985,Easter,Pownall,epownall2x@simplemachines.org,Female,50.174.103.243,Yen
05/29/1967,Maisie,Tommis,mtommis2y@cpanel.net,Female,187.201.185.31,Real
11/26/1934,Tyson,Dowker,tdowker2z@cyberchimps.com,Male,21.120.110.98,Peso
08/14/1997,Ashton,Willmott,awillmott30@people.com.cn,Male,33.106.150.85,Euro
04/08/1964,Augustine,Whisker,awhisker31@time.com,Female,205.159.81.177,Rupiah
09/17/1954,Chiarra,Coggles,ccoggles32@virginia.edu,Female,148.225.184.183,Real
11/04/1989,Lexy,Willavoys,lwillavoys33@census.gov,Female,227.218.82.82,Baht
04/17/1984,Shandy,Leyson,sleyson34@imgur.com,Female,224.169.200.9,Yen
05/28/1998,Cheston,Riglesford,criglesford35@springer.com,Male,170.213.133.232,Yuan Renminbi
12/12/1980,Filberte,Bristoe,fbristoe36@buzzfeed.com,Male,198.0.210.118,Yuan Renminbi
07/06/1963,Kean,Girardez,kgirardez37@pinterest.com,Male,109.67.229.37,Yuan Renminbi
09/28/2000,Iorgo,Holligan,iholligan38@wufoo.com,Male,227.12.124.89,Dinar
03/14/1922,Mindy,Jost,mjost39@cloudflare.com,Female,249.23.22.228,Yuan Renminbi
11/20/1982,Adey,Tyrer,atyrer3a@ocn.ne.jp,Female,209.234.11.28,Yen
08/20/2005,Nettle,Beange,nbeange3b@a8.net,Female,58.8.28.80,Rupiah
04/11/1963,Iago,Skull,iskull3c@yelp.com,Male,75.92.90.174,Peso
07/26/1938,Karry,Dumingos,kdumingos3d@miitbeian.gov.cn,Female,172.206.224.221,Hryvnia
12/11/1921,Janaye,Kasman,jkasman3e@house.gov,Female,160.78.165.44,Ruble
09/11/2004,Conan,Cobain,ccobain3f@squidoo.com,Male,200.204.100.179,Naira
08/02/1951,Maureene,Wensley,mwensley3g@ibm.com,Female,185.248.205.249,Franc
02/28/1936,Wesley,Shaefer,wshaefer3h@vimeo.com,Male,205.92.154.194,Yuan Renminbi
10/27/1921,Atlante,Millis,amillis3i@google.co.jp,Female,144.191.254.182,Yuan Renminbi
09/06/2003,Flemming,Kovalski,fkovalski3j@livejournal.com,Male,7.254.95.192,Ruble
05/26/1994,Rolando,Gommery,rgommery3k@marketwatch.com,Male,87.20.118.167,Yuan Renminbi
03/25/1967,Pansy,Woolfenden,pwoolfenden3l@samsung.com,Female,93.189.133.93,Dinar
08/15/1988,Orelee,Abercromby,oabercromby3m@artisteer.com,Female,63.189.239.21,Rupiah
07/07/1989,Nettle,Midgely,nmidgely3n@soundcloud.com,Female,104.129.218.84,Euro
07/16/1982,Jon,Keelin,jkeelin3o@gravatar.com,Bigender,27.139.180.69,Real
04/19/2001,Brandyn,Syred,bsyred3p@google.pl,Male,134.217.130.57,Yuan Renminbi
04/10/1932,Idalia,Tilbury,itilbury3q@diigo.com,Female,234.64.235.192,Euro
02/16/2008,Lida,Camock,lcamock3r@themeforest.net,Female,101.249.96.152,Baht
11/20/2007,Erich,Cauldfield,ecauldfield3s@msu.edu,Male,58.19.142.109,Yuan Renminbi
03/21/1964,Alejoa,Enderby,aenderby3t@opera.com,Genderfluid,26.181.82.233,Euro
09/14/2000,Willamina,Hallam,whallam3u@java.com,Female,0.72.54.245,Yuan Renminbi
07/24/1980,Jaquith,Turneux,jturneux3v@bluehost.com,Female,101.212.155.94,Tugrik
04/06/1992,Morlee,Edmett,medmett3w@salon.com,Male,10.90.153.31,Yuan Renminbi
12/20/1931,Johannah,Masseo,jmasseo3x@opensource.org,Female,146.190.218.162,Koruna
01/23/1950,Giuditta,Lightoller,glightoller3y@arstechnica.com,Female,117.170.66.3,Real
03/21/1965,Sondra,Dulen,sdulen3z@yolasite.com,Female,166.225.29.110,Boliviano
12/26/2004,Roma,Fellowes,rfellowes40@aol.com,Male,114.44.206.159,Zloty
02/23/1989,Amelie,Kepe,akepe41@wired.com,Female,125.133.17.154,Yuan Renminbi
02/17/1944,Ailsun,Woodward,awoodward42@bizjournals.com,Female,203.20.106.12,Dollar
03/31/1937,Jessie,Schubbert,jschubbert43@independent.co.uk,Male,76.201.148.228,Yuan Renminbi
06/19/1934,Salim,Passie,spassie44@yolasite.com,Male,165.160.163.95,Yuan Renminbi
04/17/1923,Ingram,Dilon,idilon45@archive.org,Male,39.188.101.29,Yuan Renminbi
05/21/1990,Annette,Thys,athys46@webnode.com,Female,226.26.128.224,Yuan Renminbi
04/22/1995,Laurene,Cove,lcove47@craigslist.org,Non-binary,19.38.1.112,Real
06/26/1997,Allin,Freear,afreear48@apple.com,Male,139.162.158.146,Yuan Renminbi
09/24/2004,Verne,Budcock,vbudcock49@digg.com,Male,184.98.108.67,Real
08/29/1979,Dorotea,Bulter,dbulter4a@wordpress.com,Female,73.69.171.230,Yen
01/01/2006,Levy,Statton,lstatton4b@weibo.com,Male,136.35.53.116,Dollar
12/10/1933,Del,Gabbetis,dgabbetis4c@google.de,Male,125.56.211.159,Naira
04/13/1975,Donny,Ellsworthe,dellsworthe4d@ucsd.edu,Non-binary,235.170.12.140,Franc
09/10/1965,Toiboid,McGarrie,tmcgarrie4e@engadget.com,Male,87.25.71.166,Yuan Renminbi
02/17/1985,Leupold,Ballefant,lballefant4f@marriott.com,Male,136.244.57.94,Peso
12/25/1973,Ariadne,Allan,aallan4g@harvard.edu,Female,38.86.136.106,Ruble
10/13/2002,Leroy,Chappelow,lchappelow4h@apache.org,Male,23.130.192.159,Yuan Renminbi
08/27/1969,Sigmund,Knutton,sknutton4i@reddit.com,Male,53.209.71.34,Dollar
03/09/1968,Neale,Derrett,nderrett4j@ucsd.edu,Male,27.203.45.176,Peso
10/27/1958,Carree,Amoss,camoss4k@twitpic.com,Female,89.31.241.208,Zloty
01/09/1936,Claudelle,Kopacek,ckopacek4l@hatena.ne.jp,Female,82.80.214.73,Dram
09/30/1978,Garrard,Sleightholm,gsleightholm4m@reuters.com,Male,35.215.88.222,Yen
10/16/2009,Udall,Farman,ufarman4n@cdbaby.com,Male,170.237.112.200,Peso
06/27/1958,Chrisse,Lymbourne,clymbourne4o@twitpic.com,Male,17.110.139.51,Yuan Renminbi
04/24/1987,Chancey,Keenlayside,ckeenlayside4p@businessinsider.com,Male,102.59.36.138,Hryvnia
11/02/1949,Marilee,Mazella,mmazella4q@illinois.edu,Female,157.254.0.90,Rupiah
03/12/1997,Jeanie,Huckerby,jhuckerby4r@abc.net.au,Female,210.155.19.35,Peso
05/30/2000,Elliot,Ranken,eranken4s@narod.ru,Male,60.206.185.186,Real
12/27/1932,Giulietta,Cubbini,gcubbini4t@people.com.cn,Genderfluid,169.255.22.53,Rupiah
03/17/1984,Kristina,Castledine,kcastledine4u@blogspot.com,Female,209.153.212.246,Yuan Renminbi
07/30/1975,Codee,Yonge,cyonge4v@moonfruit.com,Female,164.0.77.16,Bolivar
07/01/1977,Ringo,Rangeley,rrangeley4w@reference.com,Male,201.204.240.149,Baht
05/26/1963,Fulton,Boothebie,fboothebie4x@google.fr,Male,167.140.114.241,Krona
07/11/1991,Cassey,Preedy,cpreedy4y@ycombinator.com,Female,29.209.206.12,Rupiah
03/28/1937,Fey,Wooller,fwooller4z@twitpic.com,Female,172.213.151.205,Franc
09/27/1986,Cynthea,Verillo,cverillo50@nasa.gov,Female,138.149.92.47,Rupiah
05/31/1999,Randi,Cawdron,rcawdron51@java.com,Female,161.4.166.76,Rupiah
05/17/1986,Adorne,Costigan,acostigan52@webmd.com,Female,97.22.161.234,Real
09/04/1922,Dalston,Diggons,ddiggons53@princeton.edu,Male,105.252.179.149,Euro
01/10/1993,Callie,Hutt,chutt54@devhub.com,Female,161.210.253.17,Koruna
10/15/1995,Rorie,Fairbeard,rfairbeard55@plala.or.jp,Genderqueer,26.220.179.199,Ruble
07/31/1991,Linnie,Vize,lvize56@blinklist.com,Female,58.45.39.207,Dollar
04/06/1986,Hamlen,Sutcliff,hsutcliff57@amazon.co.uk,Male,165.215.6.59,Real
07/29/1970,Federico,Ludgrove,fludgrove58@stanford.edu,Male,166.26.10.254,Hryvnia
03/05/1949,Arabele,Dowzell,adowzell59@sbwire.com,Female,45.86.238.102,Yuan Renminbi
12/13/1980,Nicoli,Lant,nlant5a@state.gov,Female,123.142.198.62,Rupiah
01/21/1937,Phyllys,Rocca,procca5b@dot.gov,Agender,189.214.120.129,Kuna
08/16/1965,Penny,Leadbetter,pleadbetter5c@creativecommons.org,Female,1.41.194.130,Peso
09/17/1958,Syman,Ruggiero,sruggiero5d@behance.net,Male,1.54.183.172,Rupiah
12/06/1931,Moselle,Milier,mmilier5e@slideshare.net,Female,56.213.163.214,Ruble
11/18/2004,Marney,Grimme,mgrimme5f@icq.com,Female,190.3.163.16,Euro
03/28/1985,Lyndsay,Marrion,lmarrion5g@ycombinator.com,Female,113.149.83.234,Litas
09/27/1970,Stefano,Laphorn,slaphorn5h@miibeian.gov.cn,Male,80.12.133.242,Yuan Renminbi
01/22/1930,Bernadine,Ruberti,bruberti5i@google.com.au,Female,226.175.53.79,Euro
01/07/1948,Evonne,Chstney,echstney5j@trellian.com,Polygender,124.233.95.219,Dollar
05/11/1989,Colette,Gringley,cgringley5k@smugmug.com,Female,163.224.255.162,Dollar
12/10/1982,Vale,Chorlton,vchorlton5l@tamu.edu,Female,216.1.113.37,Dong
01/20/1932,Kennie,Plumley,kplumley5m@shutterfly.com,Male,214.96.132.221,Euro
08/03/1968,Hermie,Gainsborough,hgainsborough5n@purevolume.com,Male,83.54.205.199,Yuan Renminbi
03/26/1959,Chilton,Eburne,ceburne5o@tuttocitta.it,Male,254.113.195.161,Lek
06/05/1927,Marijn,Broy,mbroy5p@diigo.com,Male,47.87.120.164,Euro
01/25/1927,Arny,Gierok,agierok5q@mlb.com,Male,21.233.194.13,Zloty
05/17/1947,Ernestus,Yellowley,eyellowley5r@google.cn,Male,90.182.253.67,Yuan Renminbi
04/11/1974,Bryn,Roycroft,broycroft5s@unc.edu,Male,137.39.55.232,Yuan Renminbi
02/28/1948,Loralee,Fitzpayn,lfitzpayn5t@bloglovin.com,Female,104.147.157.156,Dollar
11/21/1975,Maximilien,Gorger,mgorger5u@rediff.com,Male,18.85.171.214,Peso
06/21/1957,Mira,Sayre,msayre5v@google.it,Female,140.160.52.232,Yuan Renminbi
05/28/1920,Hill,Mattiessen,hmattiessen5w@miibeian.gov.cn,Male,161.7.26.134,Rupiah
02/11/1941,Fabe,Pickance,fpickance5x@51.la,Male,247.87.245.192,Real
09/07/1951,Cindy,Johnson,cjohnson5y@bluehost.com,Female,63.213.68.189,Ringgit
05/02/2005,Salim,Treasure,streasure5z@hatena.ne.jp,Male,168.57.73.229,Real
02/07/1953,Morlee,Vasilevich,mvasilevich60@ustream.tv,Non-binary,26.190.106.22,Euro
04/25/1920,Fidelia,De Pietri,fdepietri61@baidu.com,Female,187.26.149.80,Rupiah
02/22/1947,Oren,Arguile,oarguile62@bbb.org,Male,15.208.63.223,Real
02/19/1931,Allix,Hastilow,ahastilow63@hexun.com,Female,29.229.206.192,Euro
09/04/1989,Max,Boxhill,mboxhill64@ucla.edu,Male,100.71.64.90,Baht
04/17/1975,Byrann,Trevers,btrevers65@dropbox.com,Male,58.148.212.105,Manat
06/24/1953,Katusha,Pfeffel,kpfeffel66@earthlink.net,Female,175.43.144.14,Peso
07/10/1944,Garv,Mirams,gmirams67@answers.com,Male,163.32.210.90,Euro
01/26/1946,My,Domleo,mdomleo68@ifeng.com,Male,79.18.39.235,Euro
06/24/1986,Edgardo,Blanning,eblanning69@elpais.com,Male,177.246.86.146,Yuan Renminbi
07/12/2001,Willie,Meriton,wmeriton6a@jugem.jp,Male,13.97.197.0,Rupiah
11/27/1954,Norrie,Pitt,npitt6b@scientificamerican.com,Male,253.139.133.194,Euro
03/09/1991,Craggie,Pippard,cpippard6c@nbcnews.com,Male,108.124.148.118,Peso
05/22/1972,Avery,Tebbut,atebbut6d@unesco.org,Male,165.40.22.69,Yuan Renminbi
04/26/1967,Gerty,Carnall,gcarnall6e@sitemeter.com,Female,127.112.30.90,Peso
10/01/1956,Cyndie,Schulkins,cschulkins6f@amazon.com,Female,112.49.147.148,Peso
02/20/2004,Charles,Conneau,cconneau6g@opensource.org,Male,168.61.47.5,Peso
02/27/1985,Gerek,Ruffler,gruffler6h@creativecommons.org,Bigender,73.167.173.139,Euro
04/03/1993,Fayette,Earie,fearie6i@mlb.com,Female,85.70.16.122,Ruble
02/25/1994,Gaylord,Jozsa,gjozsa6j@dropbox.com,Male,45.151.204.111,Yuan Renminbi
06/15/2004,Britte,Tregenza,btregenza6k@ucoz.ru,Female,22.180.165.157,Euro
05/06/1943,Zebadiah,Dagless,zdagless6l@census.gov,Male,241.252.80.155,Euro
06/05/1996,Myrilla,Milham,mmilham6m@phoca.cz,Female,188.25.115.211,Sol
08/19/1992,Boothe,Inglish,binglish6n@cocolog-nifty.com,Male,227.123.201.97,Euro
08/27/1949,Norbie,Hazelby,nhazelby6o@boston.com,Male,35.148.112.233,Rupiah
02/28/1993,Quintus,Zarfai,qzarfai6p@paypal.com,Male,6.218.222.53,Real
10/03/1949,Betteanne,Crystal,bcrystal6q@edublogs.org,Female,246.15.220.180,Hryvnia
06/17/1928,Ethelred,Gentery,egentery6r@macromedia.com,Male,247.251.24.18,Peso
12/26/1988,Loralyn,Leneham,lleneham6s@cargocollective.com,Female,251.162.170.163,Euro
10/31/1952,Marlee,Kisar,mkisar6t@webs.com,Female,67.147.178.255,Yuan Renminbi
04/21/2006,Maggee,Blankman,mblankman6u@scribd.com,Female,114.17.25.84,Euro
03/15/1982,Cora,Ryce,cryce6v@samsung.com,Female,19.217.188.203,Real
10/31/1930,Evaleen,MacDearmont,emacdearmont6w@godaddy.com,Female,64.8.179.59,Euro
07/02/1984,Zondra,Shermar,zshermar6x@bluehost.com,Female,132.126.192.54,Krone
06/16/1981,Penrod,Mouland,pmouland6y@naver.com,Male,231.69.182.22,Rupiah
09/28/1923,Georg,Pleaden,gpleaden6z@indiegogo.com,Male,59.113.67.228,Rupiah
11/10/1984,Laurence,Lawful,llawful70@gmpg.org,Male,71.155.185.233,Rupiah
11/29/1991,Caritta,Kilpatrick,ckilpatrick71@google.ru,Female,148.205.172.166,Kuna
10/10/2009,Karena,Rentilll,krentilll72@usda.gov,Female,186.75.161.72,Rupiah
02/05/1928,Ewan,Shakelady,eshakelady73@multiply.com,Male,219.42.184.245,Krona
12/11/1920,Jordan,Stubbeley,jstubbeley74@icio.us,Female,206.84.19.140,Real
07/04/2000,Aurel,Evitts,aevitts75@issuu.com,Female,243.57.106.22,Real
12/10/1988,Sophey,Olenichev,solenichev76@naver.com,Agender,165.1.61.233,Yuan Renminbi
06/29/1998,Andonis,Heindrick,aheindrick77@blog.com,Male,65.196.20.182,Real
03/06/1998,Alan,Tunesi,atunesi78@wired.com,Male,20.164.74.176,Real
08/11/1951,Lurette,Pullen,lpullen79@utexas.edu,Female,159.65.168.72,Yen
09/05/1950,Jude,Dorricott,jdorricott7a@answers.com,Male,12.239.15.165,Peso
04/11/1976,Nelly,Cornbell,ncornbell7b@technorati.com,Female,55.43.9.241,Yuan Renminbi
06/09/1986,Amandy,McCardle,amccardle7c@si.edu,Female,219.67.199.76,Peso
04/13/1953,Chelsae,Digginson,cdigginson7d@simplemachines.org,Female,85.29.175.93,Euro
10/28/1985,Sidney,Speke,sspeke7e@blinklist.com,Male,184.43.197.233,Peso
04/01/1968,Keslie,Cowpland,kcowpland7f@sciencedaily.com,Female,132.118.74.8,Peso
09/09/1938,Bethina,McKeaveney,bmckeaveney7g@marriott.com,Female,198.207.128.94,Lempira
04/16/2009,Ned,Slate,nslate7h@dagondesign.com,Male,224.167.63.236,Somoni
05/14/1990,Kendrick,Giocannoni,kgiocannoni7i@facebook.com,Male,227.29.49.181,Ruble
07/21/1991,Terrie,Livingston,tlivingston7j@privacy.gov.au,Genderqueer,252.63.111.249,Real
10/16/1959,Wilden,Lutman,wlutman7k@toplist.cz,Genderqueer,150.222.170.54,Rupiah
08/12/1975,Aubrey,Creech,acreech7l@unblog.fr,Female,154.55.19.52,Yen
08/16/1985,Sherri,Southernwood,ssouthernwood7m@yolasite.com,Female,45.173.200.153,Euro
12/15/1935,Gardener,Beaver,gbeaver7n@washington.edu,Male,233.134.199.134,Rupiah
04/20/1920,Nevile,Crickmoor,ncrickmoor7o@chron.com,Male,120.221.66.132,Shilling
06/25/1958,Derek,Pavey,dpavey7p@barnesandnoble.com,Male,207.208.49.24,Krona
01/20/2008,Clotilda,Sterrick,csterrick7q@ox.ac.uk,Female,171.207.56.5,Yen
05/17/1950,Honey,Crosson,hcrosson7r@wikimedia.org,Agender,73.220.12.164,Peso
03/21/1995,Burke,Keenlyside,bkeenlyside7s@hp.com,Male,210.188.175.205,Peso
08/21/1993,Benedict,Dinsmore,bdinsmore7t@fastcompany.com,Male,180.220.26.0,Rupiah
07/05/1948,Barnie,Daenen,bdaenen7u@wix.com,Male,37.43.153.200,Shekel
05/12/1996,Calv,Colquitt,ccolquitt7v@friendfeed.com,Male,11.252.98.203,Quetzal
06/08/1945,Allys,Diter,aditer7w@globo.com,Female,126.127.108.151,Euro
10/01/1958,Mart,Rawcliff,mrawcliff7x@biblegateway.com,Male,150.125.172.46,Rupiah
01/07/1928,Leonhard,Ruggles,lruggles7y@arizona.edu,Male,144.198.58.206,Yuan Renminbi
03/16/1997,Jesse,Phayre,jphayre7z@amazon.de,Male,94.232.108.185,Dollar
05/04/1997,Jeremias,Bukac,jbukac80@ted.com,Male,67.201.167.66,Real
01/16/2006,Cindie,McNaught,cmcnaught81@desdev.cn,Female,193.144.55.171,Naira
10/07/1978,Byrann,Hamnet,bhamnet82@adobe.com,Male,93.130.220.99,Yuan Renminbi
01/04/1931,Ermin,Clout,eclout83@msu.edu,Male,7.206.142.106,Real
03/03/1978,Tirrell,Rooper,trooper84@dell.com,Male,188.153.47.22,Ringgit
09/13/1988,Maryanne,Heffer,mheffer85@nature.com,Female,248.45.161.47,Tenge
07/21/1927,Adey,Wyles,awyles86@webs.com,Female,159.133.198.169,Sol
02/05/1991,Thedric,Justis,tjustis87@hubpages.com,Male,21.218.186.128,Zloty
01/07/1988,Celestia,Deetlof,cdeetlof88@histats.com,Female,17.116.69.32,Ruble
04/26/1997,Jennifer,Knagges,jknagges89@blogtalkradio.com,Female,15.69.87.211,Yuan Renminbi
03/12/2010,Sidoney,Barrus,sbarrus8a@telegraph.co.uk,Female,112.58.17.44,Yuan Renminbi
01/24/1957,Amanda,MacCrachen,amaccrachen8b@lulu.com,Female,227.114.136.73,Rupee
01/21/1996,Mayne,Hartegan,mhartegan8c@storify.com,Male,170.65.119.64,Yuan Renminbi
01/27/1939,Jorge,Postill,jpostill8d@wired.com,Non-binary,100.145.73.51,Yuan Renminbi
12/01/1947,Tremain,Fitzsimon,tfitzsimon8e@netscape.com,Male,22.137.59.46,Euro
06/24/2007,Aube,Baughn,abaughn8f@booking.com,Polygender,202.50.70.156,Zloty
05/06/1989,Charles,Loving,cloving8g@independent.co.uk,Male,197.8.107.129,Euro
11/09/1943,Elisabet,Shaddick,eshaddick8h@noaa.gov,Female,239.1.56.141,Peso
01/30/1969,Marsh,Molesworth,mmolesworth8i@examiner.com,Male,13.237.138.151,Baht
07/03/1930,Domingo,Steljes,dsteljes8j@statcounter.com,Agender,71.55.139.219,Real
09/09/1943,Fabian,Ratchford,fratchford8k@sogou.com,Polygender,107.33.124.52,Rupiah
09/20/1946,Ofelia,Peers,opeers8l@amazonaws.com,Non-binary,249.252.69.193,Baht
06/22/1947,Nadeen,Habbeshaw,nhabbeshaw8m@blogs.com,Female,168.126.41.31,Zloty
03/23/1950,Carleton,Hurrell,churrell8n@so-net.ne.jp,Male,166.180.10.209,Ouguiya
04/26/1923,Harmon,Dreus,hdreus8o@blogtalkradio.com,Male,185.12.185.245,Rupiah
10/04/1960,Hayden,Rawlings,hrawlings8p@yahoo.co.jp,Male,48.46.240.227,Krona
06/07/1959,Averell,Symmons,asymmons8q@facebook.com,Male,0.162.159.221,Koruna
06/16/1938,Karine,Catto,kcatto8r@posterous.com,Female,138.33.177.84,Won
01/21/1965,Eula,Jilliss,ejilliss8s@imageshack.us,Female,190.242.46.54,Lek
11/15/1925,Prescott,Piotr,ppiotr8t@about.me,Male,216.76.126.125,Peso
04/25/2002,Andrej,Nodin,anodin8u@noaa.gov,Male,38.100.192.8,Real
01/17/1993,Tamarah,Sloegrave,tsloegrave8v@ucoz.ru,Female,35.140.241.61,Bolivar
03/09/1931,Carce,Clemow,cclemow8w@geocities.jp,Male,140.5.118.73,Yuan Renminbi
11/27/1994,Edvard,Helian,ehelian8x@earthlink.net,Male,43.85.84.109,Dollar
06/04/1927,Gusti,Heine,gheine8y@apache.org,Female,237.29.197.208,Yuan Renminbi
01/05/1983,Leonidas,McVeighty,lmcveighty8z@shareasale.com,Male,55.169.129.109,Rupiah
06/12/1974,Simona,Stallworthy,sstallworthy90@archive.org,Female,27.120.76.91,Dollar
08/21/1998,Carree,Morat,cmorat91@cbc.ca,Female,226.67.76.249,Yuan Renminbi
04/10/2005,Raddy,Godin,rgodin92@msu.edu,Bigender,47.13.3.52,Peso
04/04/1967,Rudolfo,Glossup,rglossup93@desdev.cn,Male,40.245.63.178,Dinar
09/27/1974,Chuck,Summerson,csummerson94@multiply.com,Male,61.246.87.211,Som
05/23/1951,Greta,Dallman,gdallman95@home.pl,Female,105.83.126.111,Yuan Renminbi
04/11/1980,Lauren,Bengefield,lbengefield96@bing.com,Male,2.242.234.0,Naira
07/25/1950,Felic,Lampbrecht,flampbrecht97@un.org,Male,255.10.159.209,Real
05/16/2007,Barris,McGennis,bmcgennis98@mac.com,Agender,85.161.176.35,Koruna
01/25/1957,Carlyn,Oneal,coneal99@live.com,Female,150.90.18.148,Yuan Renminbi
10/18/1952,Cori,Coombe,ccoombe9a@springer.com,Male,220.247.132.181,Real
02/28/1999,Nanine,Crosby,ncrosby9b@timesonline.co.uk,Female,177.118.143.8,Peso
10/02/1998,Gayle,Frary,gfrary9c@newsvine.com,Female,59.95.230.252,Dollar
06/07/1988,Drugi,Wormleighton,dwormleighton9d@phpbb.com,Male,116.146.124.91,Rupiah
06/16/1927,Kile,Linnane,klinnane9e@yahoo.com,Male,83.117.188.216,Euro
03/10/1990,Pippo,Garvie,pgarvie9f@about.com,Male,84.194.137.54,Ruble
03/20/1948,Gilles,Hickisson,ghickisson9g@prweb.com,Male,252.193.176.239,Dollar
09/07/1985,Sergent,Cleft,scleft9h@yandex.ru,Male,50.5.209.44,Baht
04/19/1963,Mart,Renyard,mrenyard9i@gravatar.com,Male,227.91.123.72,Ruble
09/16/1985,Carlina,Normavell,cnormavell9j@amazon.de,Female,86.143.125.1,Rial
12/29/1934,Lissa,O' Gara,logara9k@odnoklassniki.ru,Female,160.169.140.41,Euro
07/10/1952,Darius,Shelley,dshelley9l@dyndns.org,Genderfluid,95.51.233.116,Peso
07/13/1965,Carmella,Papworth,cpapworth9m@feedburner.com,Female,97.219.191.232,Peso
05/18/1947,Selestina,Valencia,svalencia9n@nyu.edu,Female,125.169.121.181,Yuan Renminbi
09/10/1936,Franklin,Bankhurst,fbankhurst9o@technorati.com,Male,27.123.247.159,Denar
06/23/1931,Maire,Stopforth,mstopforth9p@yale.edu,Female,157.177.129.75,Peso
03/10/1949,Yancy,Tassel,ytassel9q@networksolutions.com,Bigender,43.224.203.225,Dollar
08/28/1953,Devland,Portinari,dportinari9r@auda.org.au,Male,93.236.15.244,Hryvnia
09/17/1950,Sibby,Playhill,splayhill9s@google.nl,Female,80.31.222.101,Real
03/09/1972,Glenden,Limprecht,glimprecht9t@sohu.com,Male,162.192.45.66,Yuan Renminbi
10/06/1937,Marthe,Dallicott,mdallicott9u@g.co,Female,14.15.233.139,Franc
02/11/1966,Percival,Casaroli,pcasaroli9v@studiopress.com,Male,224.169.109.139,Dollar
08/16/1997,Sonny,Orred,sorred9w@blogtalkradio.com,Female,169.152.138.13,Yuan Renminbi
09/25/1981,Clevie,Wistance,cwistance9x@dailymotion.com,Male,22.3.37.196,Yuan Renminbi
11/28/1987,Dorita,Kures,dkures9y@vk.com,Female,33.8.220.17,Yuan Renminbi
04/10/1962,Cletis,Stoeckle,cstoeckle9z@nature.com,Male,226.2.252.150,Yuan Renminbi
01/13/1925,Christa,Hallows,challowsa0@prnewswire.com,Female,68.7.69.68,Rand
11/23/1977,Carey,Haston,chastona1@ask.com,Male,229.47.41.207,Krona
02/03/1989,Mart,McRobb,mmcrobba2@miitbeian.gov.cn,Genderqueer,135.107.11.122,Rand
02/26/1960,Starlin,Drewet,sdreweta3@360.cn,Female,58.103.27.82,Yuan Renminbi
10/20/2002,Mariquilla,Lancetter,mlancettera4@latimes.com,Female,67.71.147.237,Yuan Renminbi
08/28/1999,Caritta,Gibberd,cgibberda5@aol.com,Genderfluid,56.167.106.132,Yuan Renminbi
05/01/1948,Hercules,Rosenstein,hrosensteina6@bloglines.com,Male,56.45.163.104,Peso
10/08/1935,Carmen,Braid,cbraida7@springer.com,Female,115.208.234.154,Euro
12/04/1967,Stu,Axcell,saxcella8@ft.com,Male,117.23.176.161,Ruble
06/22/1939,Rona,Pevsner,rpevsnera9@sciencedirect.com,Female,87.179.25.144,Sol
06/16/1945,Errick,Rubertelli,erubertelliaa@over-blog.com,Male,92.138.182.206,Ringgit
11/09/1983,Marven,Squibbs,msquibbsab@nytimes.com,Male,174.238.193.34,Peso
12/01/1937,Steffen,Warret,swarretac@netscape.com,Male,53.21.170.183,Som
02/07/1923,Weber,MacSween,wmacsweenad@theatlantic.com,Male,90.18.125.67,Krona
05/24/1962,Reinhard,Muckersie,rmuckersieae@nydailynews.com,Male,238.115.155.80,Yuan Renminbi
06/28/2005,Reube,Freak,rfreakaf@sina.com.cn,Male,76.67.25.94,Ringgit
01/14/1983,Krystalle,Brind,kbrindag@shareasale.com,Genderfluid,40.190.62.114,Rial
12/18/1945,Adore,Viccary,aviccaryah@so-net.ne.jp,Female,97.170.206.26,Rupiah
09/08/1995,Damien,Peal,dpealai@chronoengine.com,Male,235.118.172.103,Koruna
06/12/1920,Betta,Stilwell,bstilwellaj@redcross.org,Polygender,160.71.183.40,Franc
12/12/1981,Ailis,Alenov,aalenovak@com.com,Female,166.72.125.182,Rupiah
11/08/1994,Doy,Dzeniskevich,ddzeniskevichal@webnode.com,Male,15.94.30.106,Peso
08/15/1994,Adella,Haynes,ahaynesam@addtoany.com,Female,20.99.90.217,Euro
03/01/2002,Jefferson,Bough,jboughan@weather.com,Male,98.196.135.135,Rupiah
05/22/1970,Salim,Lomen,slomenao@eventbrite.com,Male,80.25.204.244,Pound
04/20/1994,Giordano,Heams,gheamsap@ucoz.com,Male,134.161.129.80,Ruble
06/08/2006,Judah,Golightly,jgolightlyaq@bloglovin.com,Male,63.40.177.57,Baht
07/19/1970,Thorvald,Brettelle,tbrettellear@acquirethisname.com,Male,167.153.231.47,Rupiah
10/29/1943,Aristotle,Verma,avermaas@geocities.jp,Bigender,17.113.53.123,Krona
09/05/1955,Christopher,Crammy,ccrammyat@spiegel.de,Male,95.110.121.54,Peso
08/08/1986,Engracia,Denyakin,edenyakinau@wsj.com,Female,142.254.55.1,Rupiah
04/19/2002,Ezekiel,Willey,ewilleyav@tripadvisor.com,Male,197.42.1.17,Zloty
12/10/1989,Boote,Esom,besomaw@php.net,Male,80.158.179.108,Euro
11/10/1924,Kev,Westley,kwestleyax@gnu.org,Male,78.15.202.77,Rupiah
07/26/1996,Nickey,Haking,nhakingay@mashable.com,Male,255.36.200.145,Yuan Renminbi
06/06/2009,Antonio,Diego,adiegoaz@instagram.com,Genderfluid,105.137.213.216,Euro
12/30/1935,Ewan,Lunnon,elunnonb0@dyndns.org,Male,119.149.31.35,Yuan Renminbi
01/12/1934,Scottie,Mullineux,smullineuxb1@dedecms.com,Genderfluid,137.127.189.68,Rupiah
03/06/1963,Jule,Ziemens,jziemensb2@liveinternet.ru,Male,0.105.248.53,Dinar
07/30/1925,Ransom,Gilliver,rgilliverb3@com.com,Male,183.86.135.165,Lev
01/22/1921,Jayson,Zorzetti,jzorzettib4@aol.com,Male,224.100.216.37,Dollar
10/19/1946,Margret,Jurczik,mjurczikb5@nhs.uk,Female,14.116.9.29,Peso
03/11/1930,Dave,Tipperton,dtippertonb6@bloomberg.com,Male,213.45.218.108,Pound
10/23/1933,Ty,Metson,tmetsonb7@tumblr.com,Male,213.246.165.177,Real
08/11/1922,Pris,Mattersley,pmattersleyb8@example.com,Female,72.32.30.173,Yuan Renminbi
07/17/1997,Anetta,Rouchy,arouchyb9@wix.com,Female,105.125.233.106,Euro
12/04/1994,Diego,Measham,dmeashamba@sakura.ne.jp,Male,215.112.194.222,Real
11/14/1981,Conrade,Posselow,cposselowbb@thetimes.co.uk,Male,79.200.131.34,Manat
09/10/1925,Lenette,McGloin,lmcgloinbc@cnn.com,Female,134.32.210.79,Euro
11/23/2006,Livy,Blaes,lblaesbd@economist.com,Agender,115.235.247.77,Euro
04/10/1931,Lucienne,Bryer,lbryerbe@bizjournals.com,Female,88.158.115.29,Yuan Renminbi
11/28/1937,Mae,Swannie,mswanniebf@ycombinator.com,Female,240.251.95.84,Dong
02/28/1988,Crista,McGoon,cmcgoonbg@fastcompany.com,Female,72.245.63.193,Yuan Renminbi
01/13/1944,Marsha,Laurentin,mlaurentinbh@europa.eu,Female,83.64.192.91,Yuan Renminbi
10/09/2008,Kalie,Meiner,kmeinerbi@sphinn.com,Female,6.52.199.63,Yuan Renminbi
04/05/1986,Trix,Ellingworth,tellingworthbj@furl.net,Bigender,20.144.214.183,Euro
01/16/1963,Genevieve,Revington,grevingtonbk@timesonline.co.uk,Female,105.186.197.235,Tugrik
01/03/1974,Lexi,Gebby,lgebbybl@amazon.co.jp,Female,113.18.39.88,Ruble
03/21/1931,Kelly,Jakab,kjakabbm@mayoclinic.com,Female,152.118.211.161,Rupee
10/23/1936,Becky,Stoffels,bstoffelsbn@miibeian.gov.cn,Non-binary,1.123.173.163,Euro
03/06/1959,Coretta,Ivanisov,civanisovbo@pbs.org,Female,201.52.174.55,Rupiah
10/20/1985,Bathsheba,Philipeau,bphilipeaubp@unblog.fr,Female,148.149.125.133,Euro
03/05/1921,Gert,Waldera,gwalderabq@pen.io,Female,159.105.150.110,Yuan Renminbi
02/08/1973,Cordie,Goldstone,cgoldstonebr@wikimedia.org,Male,121.231.85.47,Naira
04/30/1973,Maximo,Howels,mhowelsbs@senate.gov,Male,12.187.199.167,Yuan Renminbi
12/17/1956,Hugibert,Spadotto,hspadottobt@uiuc.edu,Male,200.193.3.195,Rupiah
04/22/1979,Florrie,Tydeman,ftydemanbu@nyu.edu,Female,130.173.130.67,Yen
10/24/1996,Anatole,Ruske,aruskebv@techcrunch.com,Male,94.254.144.6,Rupiah
07/14/1936,Dill,Woodwin,dwoodwinbw@usgs.gov,Male,141.223.157.126,Hryvnia
12/18/1991,Dag,McLucky,dmcluckybx@ucla.edu,Male,40.113.29.174,Rupiah
11/04/1975,Gawain,Bricham,gbrichamby@paypal.com,Male,67.141.51.162,Peso
01/20/1975,Trip,Radenhurst,tradenhurstbz@diigo.com,Male,177.111.200.205,Zloty
12/06/2005,Vilma,Pagin,vpaginc0@joomla.org,Female,79.171.36.99,Balboa
09/06/2007,Marcellina,Cullon,mcullonc1@pinterest.com,Female,203.70.113.7,Rupiah
04/29/1932,Ernestus,Allpress,eallpressc2@a8.net,Male,142.244.253.68,Euro
08/02/1921,Sig,Merck,smerckc3@webeden.co.uk,Male,78.104.68.16,Yuan Renminbi
08/07/1951,Jae,Morley,jmorleyc4@mapy.cz,Male,120.223.13.159,Rupee
07/11/1965,Helaina,Drinkhill,hdrinkhillc5@alibaba.com,Female,179.172.242.158,Krone
09/25/1964,Lyndel,Emanuele,lemanuelec6@wufoo.com,Female,167.47.45.209,Zloty
11/02/1928,Ezequiel,Scrinage,escrinagec7@blogtalkradio.com,Male,223.24.31.226,Peso
03/25/1952,Lena,Mozzi,lmozzic8@apache.org,Female,28.56.166.160,Peso
11/10/1999,Rab,Pilsbury,rpilsburyc9@unesco.org,Male,113.236.141.49,Peso
12/26/1956,Angel,Ebben,aebbenca@gizmodo.com,Male,208.18.101.79,Yuan Renminbi
07/07/1983,Nicolette,Maggiore,nmaggiorecb@berkeley.edu,Female,159.110.76.126,Franc
02/01/1984,Morey,Fausch,mfauschcc@npr.org,Male,139.6.169.228,Zloty
11/01/1987,Maddy,Fawthrop,mfawthropcd@slashdot.org,Male,35.99.126.240,Rupiah
05/02/1960,Jeth,Fibbitts,jfibbittsce@yale.edu,Male,144.65.205.101,Peso
03/28/1995,Mirna,Alberti,malberticf@springer.com,Female,118.35.204.192,Euro
05/15/1997,Rodolph,Seppey,rseppeycg@ftc.gov,Male,112.212.242.238,Hryvnia
10/24/1927,Vance,Taill,vtaillch@fastcompany.com,Male,143.253.48.143,Koruna
12/10/1988,Willy,Montez,wmontezci@furl.net,Genderfluid,200.101.18.67,Rand
07/13/1985,Pandora,Krysztowczyk,pkrysztowczykcj@goodreads.com,Female,120.213.178.51,Dinar
04/16/1924,Brianna,Lunny,blunnyck@unicef.org,Genderfluid,223.228.203.110,Rupiah
11/03/1950,Elmo,Baroux,ebarouxcl@sohu.com,Male,38.36.165.208,Rupiah
01/28/2000,Mareah,Busswell,mbusswellcm@google.cn,Female,191.95.238.97,Dirham
03/10/1924,Herve,Listone,hlistonecn@miitbeian.gov.cn,Male,19.185.141.240,Hryvnia
09/21/1985,Jocelyn,Godson,jgodsonco@foxnews.com,Female,120.2.125.163,Yuan Renminbi
11/19/1990,Lynnett,Dwelley,ldwelleycp@mtv.com,Female,107.79.120.31,Peso
10/02/1932,Terrance,Magister,tmagistercq@lulu.com,Male,56.10.228.3,Rupiah
09/09/1971,Eleanor,Townson,etownsoncr@feedburner.com,Female,245.59.135.108,Shilling
11/05/1965,Normand,Klimentyonok,nklimentyonokcs@scribd.com,Male,102.125.95.93,Rial
07/27/1920,Sioux,Almeida,salmeidact@usgs.gov,Female,115.236.207.178,Yuan Renminbi
04/13/1988,Ruddie,O'Donovan,rodonovancu@bloglines.com,Male,94.149.55.88,Rupiah
09/03/1943,Bobbye,Kubach,bkubachcv@globo.com,Female,209.130.47.28,Kip
12/31/1985,Corrie,Dooly,cdoolycw@netlog.com,Female,18.121.89.74,Yuan Renminbi
10/22/1930,Etheline,Hallitt,ehallittcx@cargocollective.com,Female,33.235.239.116,Yuan Renminbi
06/01/1925,Saunderson,Davage,sdavagecy@usda.gov,Bigender,179.239.39.224,Yuan Renminbi
09/18/1967,Franky,Wile,fwilecz@csmonitor.com,Female,99.53.58.221,Rupiah
09/29/1946,Korney,Giacopetti,kgiacopettid0@auda.org.au,Female,109.54.243.135,Koruna
03/16/1972,Danya,Seyler,dseylerd1@qq.com,Genderfluid,83.211.72.124,Dong
05/17/1920,Alfredo,Heinrici,aheinricid2@reddit.com,Male,58.43.135.224,Yuan Renminbi
05/21/1925,Sancho,Kiddye,skiddyed3@squarespace.com,Male,206.120.190.132,Rial
08/08/1980,Oren,Corah,ocorahd4@google.es,Male,156.10.248.155,Yuan Renminbi
09/05/1965,Yasmin,Hembling,yhemblingd5@plala.or.jp,Female,136.204.149.174,Yen
10/23/1971,Bernardina,Wodham,bwodhamd6@bigcartel.com,Female,30.235.228.159,Franc
02/08/1951,Paulo,Rookesby,prookesbyd7@wsj.com,Male,28.164.28.243,Franc
06/02/1975,Kala,Cunniffe,kcunniffed8@samsung.com,Female,124.30.6.37,Yen
07/02/1959,Kelby,Blackborne,kblackborned9@sphinn.com,Male,183.143.16.43,Yuan Renminbi
01/15/1995,Yehudi,Ladewig,yladewigda@statcounter.com,Male,74.171.60.205,Peso
03/12/1936,Lora,Ovington,lovingtondb@smh.com.au,Female,198.104.146.4,Real
08/21/1930,Hermine,Joutapavicius,hjoutapaviciusdc@shop-pro.jp,Female,69.49.114.10,Peso
05/27/1994,Ambrosi,Lawson,alawsondd@unblog.fr,Male,194.46.79.74,Baht
03/18/1980,Sallyann,Abbison,sabbisonde@hc360.com,Female,150.1.194.87,Som
06/17/1962,Frasquito,Woodington,fwoodingtondf@nbcnews.com,Male,64.64.252.133,Koruna
05/04/1966,Eldin,Simants,esimantsdg@guardian.co.uk,Male,15.100.89.3,Yuan Renminbi
12/25/1946,Judd,Twiggs,jtwiggsdh@instagram.com,Male,109.5.16.146,Kuna
08/21/1925,Mabelle,Cakes,mcakesdi@reverbnation.com,Female,187.175.98.240,Peso
06/28/1988,Kimmy,Fowell,kfowelldj@vimeo.com,Polygender,7.75.202.171,Franc
06/28/1925,Zelda,Glide,zglidedk@gmpg.org,Female,21.229.62.181,Peso
06/26/1924,Estrellita,Nerne,enernedl@studiopress.com,Female,212.30.77.165,Peso
06/23/1984,Lindy,Aylmore,laylmoredm@ycombinator.com,Male,186.38.8.116,Euro
05/30/1930,Charlena,Attenburrow,cattenburrowdn@addthis.com,Female,155.205.221.9,Peso
04/08/1974,Rochella,Turbefield,rturbefielddo@redcross.org,Female,212.232.253.224,Yuan Renminbi
07/30/1965,Jeremie,Artrick,jartrickdp@desdev.cn,Male,179.51.94.52,Real
10/04/1961,Beverie,Greenshiels,bgreenshielsdq@twitter.com,Female,89.224.155.217,Dram
08/29/1922,Marlane,Breinlein,mbreinleindr@ehow.com,Female,217.51.167.117,Yuan Renminbi
02/22/1979,Grover,Dadge,gdadgeds@google.it,Male,123.67.172.228,Rupiah
11/09/1976,Norbert,Goodier,ngoodierdt@ow.ly,Bigender,200.111.128.93,Rupiah
10/07/2009,Carri,Mazella,cmazelladu@marketwatch.com,Female,30.85.238.21,Tenge
02/13/1996,Kele,Sissons,ksissonsdv@yelp.com,Male,26.188.218.66,Rial
01/09/1971,Melicent,Skillern,mskillerndw@flickr.com,Female,52.155.23.190,Real
05/22/1941,Petra,Robel,probeldx@foxnews.com,Female,174.129.194.96,Rupiah
02/21/1998,Natty,Iacovini,niacovinidy@wsj.com,Non-binary,87.225.67.120,Krona
11/19/1961,Archambault,Firmin,afirmindz@amazon.co.jp,Bigender,56.219.157.27,Won
09/06/1979,Mill,Alchin,malchine0@buzzfeed.com,Male,161.60.224.10,Rupiah
09/17/1985,Pat,Vile,pvilee1@biblegateway.com,Female,19.126.87.160,Ruble
09/28/1994,Lucinda,Beranek,lberaneke2@indiatimes.com,Female,11.86.49.57,Dollar
01/17/1951,Hermann,Aaron,haarone3@seattletimes.com,Male,187.100.221.166,Peso
07/22/2006,Carleen,Maxworthy,cmaxworthye4@pen.io,Bigender,75.26.46.72,Rupiah
01/27/2007,Mason,Killford,mkillforde5@netvibes.com,Male,36.87.104.47,Hryvnia
09/27/1974,Noland,Trime,ntrimee6@webs.com,Male,157.26.31.254,Yen
12/28/1970,Fowler,Vaudin,fvaudine7@technorati.com,Male,58.153.67.133,Franc
07/30/1935,Doria,Fairfull,dfairfulle8@purevolume.com,Female,9.21.241.241,Dong
07/23/2008,Astrid,Inkin,ainkine9@clickbank.net,Female,55.28.97.138,Baht
05/24/1999,Birch,Roomes,broomesea@imageshack.us,Male,147.116.88.33,Sol
08/08/1933,Cyndy,Ullyatt,cullyatteb@google.cn,Female,235.44.32.128,Real
09/01/1995,Rob,McLardie,rmclardieec@hatena.ne.jp,Male,81.196.186.103,Peso
11/21/1972,Lida,Iannetti,liannettied@biglobe.ne.jp,Genderqueer,212.33.47.9,Yuan Renminbi
08/14/1948,Desirae,Kerr,dkerree@1688.com,Female,139.143.201.129,Peso
01/22/1989,Oberon,Robeson,orobesonef@redcross.org,Male,22.230.60.152,Lev
08/31/1947,Ash,Yousef,ayousefeg@w3.org,Male,62.225.143.205,Real
05/17/1990,Lannie,Rigardeau,lrigardeaueh@samsung.com,Male,7.247.128.154,Dollar
06/29/1970,Anatollo,Eam,aeamei@unc.edu,Male,120.232.5.197,Cordoba
02/11/1941,Terrye,Dingate,tdingateej@spotify.com,Female,174.180.122.207,Lev
03/18/1963,Anny,Girardetti,agirardettiek@seattletimes.com,Female,215.161.239.50,Rial
09/07/1923,Lance,Lindeboom,llindeboomel@marketwatch.com,Male,153.129.163.226,Ruble
04/06/1992,Olag,Bisco,obiscoem@chron.com,Male,7.139.141.96,Yuan Renminbi
04/01/1960,Corena,Rushforth,crushforthen@mashable.com,Female,237.119.3.208,Ruble
11/01/1982,Linet,Elizabeth,lelizabetheo@examiner.com,Female,99.195.223.20,Ruble
07/12/2002,Melesa,Warden,mwardenep@360.cn,Female,82.226.156.200,Real
02/10/2005,Vania,Domini,vdominieq@about.com,Female,6.100.215.36,Kwacha
07/05/1965,Langsdon,Petrelluzzi,lpetrelluzzier@goodreads.com,Male,81.139.234.200,Ruble
02/27/1965,Obadiah,Busek,obusekes@theatlantic.com,Male,159.234.39.63,Yuan Renminbi
09/03/1946,Rena,Turvey,rturveyet@npr.org,Female,205.83.87.112,Rupiah
02/20/1941,Avivah,Alexsandrovich,aalexsandrovicheu@google.com.br,Female,39.143.206.128,Ruble
07/18/2004,Finlay,Arnason,farnasonev@independent.co.uk,Male,237.169.145.135,Tenge
01/04/1939,Gilligan,Fearnehough,gfearnehoughew@wired.com,Genderqueer,57.28.31.18,Lek
05/14/2004,Celisse,Luberti,clubertiex@nyu.edu,Female,174.35.227.157,Euro
02/20/1956,Aleece,Bootland,abootlandey@ning.com,Female,216.243.32.14,Peso
08/05/2001,Halie,Greensitt,hgreensittez@state.tx.us,Female,217.65.91.114,Baht
01/10/1943,Lucille,Turpin,lturpinf0@tinyurl.com,Female,88.3.254.3,Peso
01/08/1965,Shanta,Weafer,sweaferf1@discovery.com,Female,26.15.2.248,Peso
12/24/1942,Any,Murie,amurief2@hostgator.com,Male,71.132.224.33,Boliviano
04/26/1998,Rori,Oakenfull,roakenfullf3@hexun.com,Female,140.84.197.36,Franc
09/05/1959,Carmen,Darnbrook,cdarnbrookf4@trellian.com,Female,138.49.173.13,Krona
07/08/1960,Opal,Gresswell,ogresswellf5@nbcnews.com,Female,234.28.59.34,Ruble
06/20/1968,Linn,Sorel,lsorelf6@home.pl,Female,208.31.54.3,Taka
06/05/1927,Camey,Szwarc,cszwarcf7@upenn.edu,Male,78.29.218.176,Zloty
03/17/1923,Rod,Hallyburton,rhallyburtonf8@google.it,Male,237.114.207.106,Yuan Renminbi
06/27/1988,Cullan,Robbe,crobbef9@nyu.edu,Male,24.148.4.53,Euro
09/13/2007,Wynnie,Cullip,wcullipfa@so-net.ne.jp,Female,4.41.218.12,Yuan Renminbi
07/05/1945,Tracie,Phittiplace,tphittiplacefb@gnu.org,Female,132.243.1.122,Dollar
09/04/1977,Zacharie,Brandes,zbrandesfc@aboutads.info,Polygender,24.42.169.80,Peso
10/17/2008,Menard,Jachimak,mjachimakfd@guardian.co.uk,Male,37.94.151.73,Euro
11/09/1929,Neal,Gwioneth,ngwionethfe@washington.edu,Male,84.24.27.83,Shekel
05/08/1961,Gerome,Vina,gvinaff@sphinn.com,Male,105.48.126.232,Dollar
09/06/1973,Henderson,O'Mohun,homohunfg@wp.com,Male,14.16.110.190,Rupiah
10/27/2003,Adara,Potebury,apoteburyfh@wikipedia.org,Genderqueer,223.173.91.204,Peso
07/28/1991,Maxim,Fullerd,mfullerdfi@ameblo.jp,Male,183.102.151.116,Krone
05/11/2000,Nigel,Dumper,ndumperfj@networkadvertising.org,Male,107.188.198.140,Rupiah
05/20/1951,Micky,Grigg,mgriggfk@gravatar.com,Male,193.136.75.226,Rupee
05/05/1986,Hubert,Brounfield,hbrounfieldfl@aol.com,Genderqueer,251.46.201.222,Ruble
08/16/2000,Hendrik,Bernardt,hbernardtfm@businesswire.com,Male,71.17.167.244,Dollar
10/14/2009,Millisent,Lanbertoni,mlanbertonifn@infoseek.co.jp,Non-binary,22.22.54.237,Zloty
06/27/1994,Artemus,Gutridge,agutridgefo@mac.com,Male,35.62.243.242,Dinar
06/02/1976,Lyssa,de Copeman,ldecopemanfp@flickr.com,Genderqueer,150.133.97.113,Euro
08/03/1973,Gwenette,Shelsher,gshelsherfq@businesswire.com,Female,51.124.61.53,Sol
09/10/1941,Kirsten,Windybank,kwindybankfr@liveinternet.ru,Female,27.26.182.52,Yuan Renminbi
07/06/1945,Pepito,Dudgeon,pdudgeonfs@shutterfly.com,Male,188.169.144.128,Rupiah
04/02/1951,Sonja,Heasley,sheasleyft@slideshare.net,Female,164.117.58.216,Rupiah
11/24/1983,Ardelis,Kennady,akennadyfu@flickr.com,Female,179.81.79.165,Dollar
09/08/1972,Trip,McGougan,tmcgouganfv@rakuten.co.jp,Male,28.164.231.255,Kwanza
04/25/2002,Erick,Witton,ewittonfw@zdnet.com,Male,104.235.48.152,Zloty
02/01/1929,Tory,Tollady,ttolladyfx@newyorker.com,Female,121.0.204.86,Hryvnia
06/25/1927,Hershel,Todhunter,htodhunterfy@newyorker.com,Male,115.184.42.47,Dalasi
07/31/1975,Judy,Coysh,jcoyshfz@jiathis.com,Female,254.168.206.19,Krona
11/22/1943,Enrico,Mouton,emoutong0@wikia.com,Male,151.110.181.101,Real
05/23/2009,Lolly,Tripp,ltrippg1@goo.gl,Female,253.60.220.203,Koruna
07/18/1979,Odie,Elliston,oellistong2@vkontakte.ru,Male,110.144.6.104,Ruble
07/21/1928,Joceline,O'Corrin,jocorring3@europa.eu,Female,239.8.164.93,Peso
05/29/2009,Calypso,Ludewig,cludewigg4@soup.io,Female,48.17.195.76,Ruble
02/22/1965,Blondelle,Korfmann,bkorfmanng5@imageshack.us,Female,32.124.133.167,Peso
01/02/1967,Valerye,Lamb,vlambg6@pcworld.com,Agender,131.165.174.251,Dollar
09/06/1971,Ninette,Newey,nneweyg7@cpanel.net,Female,177.196.10.252,Euro
05/21/1969,Gratia,Moiser,gmoiserg8@dot.gov,Female,145.27.104.209,Peso
05/06/1920,Thorn,Barlass,tbarlassg9@chron.com,Male,94.39.138.75,Real
12/31/1971,Mellie,Marunchak,mmarunchakga@drupal.org,Female,247.33.32.52,Real
12/16/1981,Tristan,Breed,tbreedgb@senate.gov,Agender,134.107.115.64,Krona
07/19/1955,Alysa,Stronack,astronackgc@youtu.be,Bigender,119.243.19.59,Krona
03/22/2005,Miner,Vanstone,mvanstonegd@mlb.com,Male,187.151.192.188,Euro
09/10/1992,Cam,Bernardelli,cbernardellige@uiuc.edu,Male,121.63.188.42,Yuan Renminbi
11/25/2000,Dion,Belcher,dbelchergf@usnews.com,Male,51.143.130.46,Koruna
09/09/1945,Evered,Pandey,epandeygg@thetimes.co.uk,Male,50.124.203.201,Baht
11/19/1939,Vonnie,Lurriman,vlurrimangh@123-reg.co.uk,Female,142.25.172.84,Rial
03/17/1953,Red,Vogt,rvogtgi@exblog.jp,Male,92.143.112.14,Bolivar
05/14/1928,Kira,Annable,kannablegj@usgs.gov,Female,6.67.16.157,Peso
05/14/1942,Omar,Treanor,otreanorgk@twitpic.com,Male,58.254.197.195,Quetzal
10/14/1942,Carmel,Edgars,cedgarsgl@boston.com,Female,66.39.246.164,Rupiah
10/20/1959,Christoforo,Pendrigh,cpendrighgm@xinhuanet.com,Male,177.149.148.61,Yuan Renminbi
06/19/1989,Wright,Bristoe,wbristoegn@google.com.br,Male,18.233.183.138,Euro
08/10/1970,Cyrill,Kaine,ckainego@businesswire.com,Male,20.56.31.105,Peso
09/23/1983,Honor,Chaffey,hchaffeygp@ox.ac.uk,Female,123.84.189.146,Koruna
10/08/1941,Bibby,Scurrer,bscurrergq@illinois.edu,Female,189.155.141.149,Yuan Renminbi
10/20/1959,Alanna,Boswell,aboswellgr@intel.com,Female,3.206.58.92,Peso
01/11/1969,Ibbie,Sallarie,isallariegs@senate.gov,Female,36.136.214.108,Rupiah
01/04/1986,Kippy,Hill,khillgt@weather.com,Female,83.90.141.219,Yuan Renminbi
11/25/1921,Ruy,Arnaudot,rarnaudotgu@weibo.com,Male,108.105.165.242,Euro
09/05/1920,Carmencita,Jessop,cjessopgv@baidu.com,Female,245.250.130.80,Franc
03/05/1976,Florina,Jelleman,fjellemangw@google.cn,Female,38.76.205.228,Hryvnia
07/03/1977,Gareth,Bidmead,gbidmeadgx@google.com.hk,Male,89.203.78.228,Baht
01/02/1996,Aloin,Algeo,aalgeogy@msn.com,Genderfluid,139.72.189.39,Real
10/23/1999,Julita,Northill,jnorthillgz@posterous.com,Female,10.243.93.38,Real
12/07/1981,Bryana,Snodin,bsnodinh0@economist.com,Female,66.176.83.53,Yuan Renminbi
02/17/1947,Edgar,Lambarton,elambartonh1@eepurl.com,Male,118.220.49.102,Real
08/13/1963,Jeannette,Drewitt,jdrewitth2@lulu.com,Female,205.83.10.59,Shilling
08/09/2005,Malcolm,Hartington,mhartingtonh3@cornell.edu,Male,67.229.75.2,Yuan Renminbi
08/05/1992,Ana,Chestney,achestneyh4@yelp.com,Female,237.151.184.8,Rupiah
10/28/1962,Cly,Petcher,cpetcherh5@yahoo.com,Male,131.10.55.15,Yuan Renminbi
06/27/1945,Ailina,Matelyunas,amatelyunash6@java.com,Female,103.128.7.12,Yuan Renminbi
04/16/1957,Jonathon,Guiducci,jguiduccih7@soundcloud.com,Male,165.229.185.93,Zloty
03/10/2004,Cleve,Belcham,cbelchamh8@opera.com,Male,186.5.241.140,Yuan Renminbi
12/17/2009,Aggy,Asche,aascheh9@hc360.com,Female,39.204.168.94,Peso
05/28/1946,Aubrey,Instone,ainstoneha@desdev.cn,Female,74.253.59.143,Dram
06/24/1929,Gasparo,Reinard,greinardhb@example.com,Male,238.157.134.91,Kuna
07/09/1948,Lutero,Escala,lescalahc@army.mil,Male,70.229.5.51,Rupiah
10/20/1997,Dionne,Benedikt,dbenedikthd@reference.com,Female,144.94.239.14,Naira
05/19/1941,Ravid,Crossland,rcrosslandhe@usatoday.com,Male,66.28.123.137,Euro
03/17/1939,Suki,Crumb,scrumbhf@buzzfeed.com,Female,233.16.230.44,Ruble
06/03/1988,Gilli,MacWhan,gmacwhanhg@soundcloud.com,Female,71.139.7.90,Lek
11/04/1947,Gigi,Fissenden,gfissendenhh@disqus.com,Female,194.136.49.98,Peso
03/16/2003,Inger,Hedylstone,ihedylstonehi@theguardian.com,Female,104.3.77.212,Euro
08/17/1935,Erhart,Scanlan,escanlanhj@163.com,Male,49.149.17.7,Franc
10/01/1922,Byrann,O'Day,bodayhk@mayoclinic.com,Male,157.144.180.109,Yuan Renminbi
04/06/2007,Portia,Tzar,ptzarhl@dailymotion.com,Female,85.134.196.190,Yuan Renminbi
08/21/1945,Edgar,Cahalin,ecahalinhm@wiley.com,Male,134.133.90.93,Yuan Renminbi
08/13/1937,Bran,Abbott,babbotthn@ow.ly,Male,3.212.60.73,Balboa
08/08/1962,Ambur,Kroger,akrogerho@de.vu,Female,118.101.156.103,Yuan Renminbi
12/17/1951,Galvin,Fairy,gfairyhp@ovh.net,Male,166.254.175.129,Rupiah
06/12/1922,Tallia,Sall,tsallhq@cdbaby.com,Female,112.136.96.231,Yen
01/30/1992,Michelle,Stockhill,mstockhillhr@jugem.jp,Female,200.23.173.37,Peso
08/01/1949,Oliver,Wraggs,owraggshs@google.co.uk,Male,59.230.112.51,Ruble
03/10/1972,Nial,Critchley,ncritchleyht@hatena.ne.jp,Male,75.185.69.133,Dollar
06/16/1975,Duffy,Brandts,dbrandtshu@tinypic.com,Male,142.232.210.220,Real
02/17/1969,Benedick,Eggleton,beggletonhv@vinaora.com,Male,57.194.217.201,Peso
10/09/1956,Peirce,Gaynes,pgayneshw@walmart.com,Male,10.188.61.177,Yuan Renminbi
03/12/1979,Kelli,Cohn,kcohnhx@plala.or.jp,Female,167.40.45.208,Koruna
03/19/1972,Willyt,Foan,wfoanhy@sphinn.com,Female,71.55.91.225,Dollar
03/29/1949,Ole,Scala,oscalahz@apache.org,Male,226.212.195.190,Dollar
07/07/1933,Isidoro,Doles,idolesi0@time.com,Male,148.99.245.34,Yuan Renminbi
01/16/1969,Bret,Sauvan,bsauvani1@usatoday.com,Male,231.142.34.200,Yuan Renminbi
11/11/1944,Lazaro,Strond,lstrondi2@printfriendly.com,Male,24.150.111.211,Euro
07/21/1964,Katrine,Poyzer,kpoyzeri3@weather.com,Female,199.73.144.187,Franc
05/09/1938,Debbie,Comberbach,dcomberbachi4@issuu.com,Female,56.239.128.229,Dollar
03/28/1953,Olivero,Furnival,ofurnivali5@cyberchimps.com,Male,11.3.125.28,Euro
12/01/1965,Roz,Arstall,rarstalli6@answers.com,Female,176.171.215.82,Tenge
06/14/1976,Anjela,Pren,apreni7@lulu.com,Female,238.42.29.109,Euro
11/12/1974,Matilde,Moan,mmoani8@seattletimes.com,Female,165.164.87.57,Rupiah
03/10/1955,Bondon,O'Cannavan,bocannavani9@yellowpages.com,Male,241.159.109.186,Yuan Renminbi
08/02/1992,Randee,Eccleshall,reccleshallia@google.com.hk,Female,138.198.186.23,Lek
09/13/1977,Murray,Mackie,mmackieib@free.fr,Male,174.199.116.134,Dinar
04/22/1936,Elsey,Mosten,emostenic@wix.com,Female,192.105.40.194,Euro
03/19/1993,Jany,Bloys,jbloysid@engadget.com,Female,198.121.24.88,Peso
11/02/1984,Patsy,Gaunson,pgaunsonie@gmpg.org,Female,90.113.58.118,Rupiah
06/26/1994,Charles,Lynam,clynamif@imageshack.us,Male,29.14.140.87,Yuan Renminbi
08/20/2009,Mathian,Esberger,mesbergerig@1688.com,Male,100.83.23.64,Peso
09/03/1926,Zachary,Sackey,zsackeyih@godaddy.com,Male,170.110.105.29,Sol
05/27/1980,Nickolaus,Tiptaft,ntiptaftii@mozilla.com,Male,86.173.48.236,Peso
08/06/1957,Brion,Iorillo,biorilloij@topsy.com,Male,44.200.153.41,Koruna
04/08/1959,Daisie,Hundall,dhundallik@google.fr,Female,243.90.209.237,Balboa
04/04/1943,Candra,MacCroary,cmaccroaryil@reddit.com,Female,31.14.52.204,Ruble
04/04/1936,Christos,Blackah,cblackahim@exblog.jp,Male,147.134.185.78,Euro
09/23/1998,Rollie,Crispe,rcrispein@cdc.gov,Bigender,39.20.137.63,Franc
08/10/1924,Mariel,Inskipp,minskippio@ebay.com,Agender,11.213.58.168,Yuan Renminbi
04/21/1994,Clyve,Riddler,criddlerip@webeden.co.uk,Male,135.89.130.45,Dirham
02/24/1928,Corrianne,Spilling,cspillingiq@google.co.uk,Female,55.176.56.78,Yuan Renminbi
12/05/1963,Lianna,Olivella,lolivellair@tumblr.com,Female,218.23.19.74,Zloty
08/30/2005,August,Cadle,acadleis@freewebs.com,Male,92.81.99.151,Yuan Renminbi
04/04/1946,Jo-anne,Kemwal,jkemwalit@pinterest.com,Female,160.168.174.21,Yuan Renminbi
04/14/1950,Ray,Stronge,rstrongeiu@symantec.com,Female,191.134.33.69,Yuan Renminbi
10/27/1988,Bonnibelle,Skarin,bskariniv@yale.edu,Female,213.31.157.20,Zloty
07/01/1994,Basil,Michurin,bmichuriniw@columbia.edu,Male,30.38.96.107,Tugrik
12/30/1971,Denney,Winder,dwinderix@tripadvisor.com,Male,221.234.109.89,Som
07/17/1980,Bartlett,Cardow,bcardowiy@amazon.com,Male,44.83.59.86,Lempira
07/03/2006,Giuseppe,McGoon,gmcgooniz@earthlink.net,Male,160.104.112.186,Shilling
12/31/1961,Lenci,MacConnechie,lmacconnechiej0@msn.com,Male,204.15.123.219,Euro
12/18/2000,Reinaldos,Barrett,rbarrettj1@gizmodo.com,Male,44.147.243.211,Sol
03/23/1985,Alvira,Schoenrock,aschoenrockj2@abc.net.au,Female,191.219.87.226,Lempira
01/19/1934,Nerte,Brittles,nbrittlesj3@columbia.edu,Female,37.129.243.89,Hryvnia
09/22/1955,Lisetta,Rief,lriefj4@wikipedia.org,Agender,218.169.108.210,Yuan Renminbi
06/12/1934,Maurizio,Colkett,mcolkettj5@issuu.com,Male,122.94.57.155,Ruble
02/05/1943,Enrika,Fairbeard,efairbeardj6@imageshack.us,Female,22.47.154.26,Shilling
02/12/1988,Lou,Bourdon,lbourdonj7@pbs.org,Female,220.60.186.50,Rupiah
10/23/1935,Henryetta,Benedicto,hbenedictoj8@cbslocal.com,Female,33.9.22.174,Euro
04/23/1982,Tildi,Pollak,tpollakj9@tinyurl.com,Female,218.234.174.159,Rupiah
01/30/1949,Andrus,Sea,aseaja@weebly.com,Male,98.190.163.226,Euro
04/21/2001,Moss,Epsly,mepslyjb@so-net.ne.jp,Male,235.12.24.52,Yuan Renminbi
08/11/1988,Eleanore,Coger,ecogerjc@kickstarter.com,Female,10.131.232.128,Ruble
01/10/2001,Johannes,Wessell,jwesselljd@histats.com,Male,74.167.122.168,Euro
01/20/2000,Baillie,Doeg,bdoegje@wordpress.org,Male,69.235.224.212,Naira
08/18/1951,Cori,Kurtis,ckurtisjf@indiegogo.com,Male,33.216.244.23,Dirham
11/06/1991,Cassie,Lautie,clautiejg@fc2.com,Male,146.245.94.57,Rupiah
08/20/1979,Fallon,Heijnen,fheijnenjh@is.gd,Female,83.129.239.198,Naira
09/28/1922,Korey,Treend,ktreendji@paypal.com,Male,51.82.161.31,Dollar
10/30/1940,Julie,Gullen,jgullenjj@xinhuanet.com,Male,144.244.145.51,Lek
04/30/1989,Neile,Aleksahkin,naleksahkinjk@so-net.ne.jp,Genderqueer,206.9.39.246,Yuan Renminbi
09/02/1996,Ynes,Bentzen,ybentzenjl@usa.gov,Female,33.19.115.74,Real
12/14/1944,Free,Olorenshaw,folorenshawjm@unblog.fr,Male,121.69.127.2,Zloty
07/17/1969,Charmion,Youd,cyoudjn@uol.com.br,Female,203.186.159.183,Koruna
11/20/1938,Pinchas,Shelley,pshelleyjo@simplemachines.org,Male,73.113.97.218,Dirham
09/26/1930,Claire,Strowther,cstrowtherjp@unblog.fr,Female,127.114.121.108,Krone
03/24/1955,Mikael,Bende,mbendejq@shutterfly.com,Male,97.194.201.190,Kyat
11/06/1970,Maurizio,Ierland,mierlandjr@hubpages.com,Male,91.140.248.131,Yuan Renminbi
09/17/2001,Cinderella,Dall,cdalljs@mozilla.org,Agender,51.91.33.46,Yuan Renminbi
11/29/1997,Norbie,Gofton,ngoftonjt@wisc.edu,Genderfluid,133.90.135.132,Yuan Renminbi
12/26/1974,Ettie,Misken,emiskenju@fema.gov,Agender,50.60.202.236,Rupiah
01/23/2002,Neville,Chase,nchasejv@technorati.com,Male,51.150.118.169,Yuan Renminbi
03/17/1974,Lance,Tunney,ltunneyjw@webs.com,Male,124.212.251.181,Yuan Renminbi
01/05/1973,Boyd,Thurstance,bthurstancejx@sbwire.com,Male,50.65.182.174,Naira
08/20/2000,Ilyssa,Budik,ibudikjy@example.com,Female,221.209.61.247,Ruble
01/31/1935,Lindsy,Tooley,ltooleyjz@scribd.com,Female,131.140.150.104,Dram
03/20/1925,Cherida,Aleswell,caleswellk0@ucla.edu,Female,31.80.237.148,Dollar
09/10/1968,Roger,Tailby,rtailbyk1@spiegel.de,Male,151.7.136.117,Krona
12/30/1926,Hercules,Brazur,hbrazurk2@state.gov,Male,204.193.228.9,Ruble
05/02/1934,Jana,Marquet,jmarquetk3@ehow.com,Female,170.83.187.57,Peso
01/15/1991,Loren,Bedboro,lbedborok4@ebay.com,Genderqueer,123.191.154.110,Sol
05/14/1985,Engelbert,Edleston,eedlestonk5@is.gd,Male,52.232.46.75,Manat
04/27/1995,Renaud,Worsham,rworshamk6@a8.net,Male,158.86.110.202,Euro
07/17/1986,Kenneth,Penner,kpennerk7@nih.gov,Male,94.189.74.162,Real
12/16/1990,Alvie,Northedge,anorthedgek8@infoseek.co.jp,Male,186.4.11.87,Euro
01/10/1995,Gauthier,Fagg,gfaggk9@taobao.com,Non-binary,159.114.10.196,Euro
10/03/1965,Ardeen,Andryushin,aandryushinka@mayoclinic.com,Female,95.253.8.145,Zloty
03/31/2002,Dannie,Pegden,dpegdenkb@weebly.com,Male,4.192.111.123,Rupiah
04/05/1934,Selene,Betun,sbetunkc@wufoo.com,Female,209.112.94.132,Euro
10/14/1983,Erminia,Leadbitter,eleadbitterkd@home.pl,Female,45.62.18.117,Tenge
09/29/2004,Bruce,Kingsbury,bkingsburyke@wunderground.com,Male,0.140.147.142,Ruble
10/08/1931,Aeriela,Gresswood,agresswoodkf@oaic.gov.au,Female,239.171.161.177,Rupiah
12/25/1976,Vonnie,Woodes,vwoodeskg@tripadvisor.com,Female,192.41.155.172,Ruble
12/30/1920,Mia,MacAskie,mmacaskiekh@google.es,Female,62.210.64.169,Rupiah
02/23/1938,Wyndham,de Clerk,wdeclerkki@elpais.com,Polygender,74.185.90.237,Peso
05/14/1951,Carol-jean,Graeser,cgraeserkj@biglobe.ne.jp,Female,14.46.84.26,Krona
08/27/1991,Melessa,Seelbach,mseelbachkk@usnews.com,Female,194.191.92.234,Yuan Renminbi
06/24/1982,Alphard,Dimitrescu,adimitrescukl@simplemachines.org,Male,159.41.204.205,Ruble
10/01/1969,Maisey,Botterill,mbotterillkm@is.gd,Female,191.17.114.26,Zloty
11/07/1981,Essa,Bartzen,ebartzenkn@vinaora.com,Female,100.35.221.215,Real
02/09/1976,Doy,Shavel,dshavelko@ustream.tv,Male,61.155.229.227,Birr
10/21/1951,Jarrad,Smalecombe,jsmalecombekp@go.com,Male,31.60.149.198,Lempira
11/12/1943,Carlota,Paffot,cpaffotkq@mit.edu,Female,49.132.76.17,Real
02/23/2010,Enrique,Markwick,emarkwickkr@answers.com,Male,3.69.31.101,Peso
06/06/1930,Jehu,Dawton,jdawtonks@google.com.hk,Male,195.217.99.187,Euro
03/21/2001,Sukey,Teall,steallkt@plala.or.jp,Female,54.166.215.206,Won
06/11/1976,Daria,Bodker,dbodkerku@google.co.jp,Genderfluid,244.207.195.141,Litas
01/24/2002,Frederica,Zupone,fzuponekv@symantec.com,Female,189.87.139.254,Peso
04/26/1939,Abraham,Tocqueville,atocquevillekw@yellowpages.com,Male,169.207.247.233,Baht
06/22/1963,Alonzo,Strongitharm,astrongitharmkx@sina.com.cn,Agender,32.20.31.176,Ruble
04/23/1986,Dillon,Ganiclef,dganiclefky@hubpages.com,Male,186.71.150.123,Peso
11/15/1959,Gwenora,Mingauld,gmingauldkz@blogs.com,Female,89.60.215.247,Franc
01/08/1934,Sherie,Killingback,skillingbackl0@ustream.tv,Female,189.253.188.237,Koruna
02/18/2010,Nevil,Landon,nlandonl1@apple.com,Male,101.239.25.33,Peso
05/06/1965,Abram,Woodson,awoodsonl2@mashable.com,Male,62.79.90.168,Zloty
09/08/2005,Ellyn,Ellsworthe,eellsworthel3@weibo.com,Agender,181.244.144.247,Euro
03/12/1984,Ikey,Duinkerk,iduinkerkl4@clickbank.net,Male,178.202.224.138,Peso
04/06/1960,Tillie,Pressman,tpressmanl5@slideshare.net,Non-binary,89.69.185.255,Peso
08/21/2004,Lenora,Satterfitt,lsatterfittl6@sciencedaily.com,Female,16.252.253.221,Real
03/24/1953,Thorstein,Polson,tpolsonl7@opera.com,Male,222.109.139.208,Peso
08/20/1953,Irvine,Cadney,icadneyl8@ucoz.ru,Male,31.74.196.122,Peso
07/02/1966,Weylin,Lawerence,wlawerencel9@bloglovin.com,Polygender,151.32.235.133,Leone
09/17/1961,Josephine,Janus,jjanusla@ow.ly,Female,173.1.38.118,Vatu
06/11/2003,Helena,Lautie,hlautielb@google.de,Female,137.213.247.48,Real
06/03/1975,Simona,Beston,sbestonlc@admin.ch,Female,181.184.53.80,Peso
01/26/1929,Krispin,Parlor,kparlorld@rakuten.co.jp,Male,147.29.26.8,Dollar
09/17/1927,Karla,Fordham,kfordhamle@omniture.com,Female,48.94.68.49,Tenge
01/04/1987,Kial,Bransdon,kbransdonlf@vinaora.com,Female,118.218.180.180,Yuan Renminbi
03/20/1928,Logan,Blainey,lblaineylg@netvibes.com,Male,217.58.225.136,Yuan Renminbi
11/26/1956,Bryce,Kaiser,bkaiserlh@wunderground.com,Male,4.161.66.177,Euro
08/19/1927,Sherilyn,Michael,smichaelli@ocn.ne.jp,Female,32.137.17.153,Yuan Renminbi
07/09/1958,Stephannie,Robun,srobunlj@jalbum.net,Female,187.213.129.237,Yuan Renminbi
08/27/1930,Bartholomeus,Gossan,bgossanlk@nhs.uk,Male,21.198.88.232,Rupiah
08/20/1936,Winna,Blowfelde,wblowfeldell@about.com,Female,55.235.225.188,Peso
12/13/1934,Kris,Ebbutt,kebbuttlm@census.gov,Female,96.9.225.147,Kwacha
07/09/1982,Desmund,O'Hickey,dohickeyln@opera.com,Male,199.172.103.93,Euro
07/15/2002,Stuart,Rolph,srolphlo@123-reg.co.uk,Male,22.106.224.7,Won
10/01/2001,Gwyneth,Phillippo,gphillippolp@homestead.com,Female,89.58.190.12,Tugrik
07/26/2004,Carolann,Mellsop,cmellsoplq@histats.com,Female,83.167.216.147,Rupiah
04/18/1954,Goran,Arents,garentslr@ning.com,Male,68.254.235.255,Ringgit
03/29/1983,Alvis,Greville,agrevillels@examiner.com,Non-binary,22.177.28.6,Peso
07/05/1999,Camellia,Dowber,cdowberlt@hibu.com,Female,253.142.183.127,Ruble
01/11/1988,Jewell,Forte,jfortelu@nationalgeographic.com,Female,155.176.165.174,Shekel
01/01/1992,Dal,Lyptratt,dlyptrattlv@berkeley.edu,Male,66.91.229.21,Koruna
10/21/1985,Tallulah,Rodrigo,trodrigolw@businessweek.com,Female,0.37.140.247,Real
10/08/1964,Dotti,Aitchison,daitchisonlx@bandcamp.com,Female,163.113.62.78,Dong
07/16/1951,Launce,Matula,lmatulaly@angelfire.com,Male,244.195.37.205,Koruna
01/11/1977,Vernen,Braley,vbraleylz@yellowbook.com,Male,94.199.145.192,Peso
03/23/2001,Bernard,Gridon,bgridonm0@seattletimes.com,Male,255.108.12.252,Yuan Renminbi
08/01/1974,Lenore,Campkin,lcampkinm1@printfriendly.com,Female,229.215.236.188,Sol
07/07/1956,Valry,Hyslop,vhyslopm2@bigcartel.com,Female,158.124.173.222,Yuan Renminbi
02/06/1970,Ronny,Staddon,rstaddonm3@ustream.tv,Male,239.0.114.158,Yuan Renminbi
07/08/1977,Rolph,Lossman,rlossmanm4@statcounter.com,Male,49.121.30.234,Hryvnia
05/28/1920,Dolores,Ballham,dballhamm5@bbb.org,Female,84.94.232.5,Rupiah
07/29/1955,Georgina,Pasmore,gpasmorem6@theatlantic.com,Female,206.200.32.15,Rupiah
02/23/1985,Hetty,Lorente,hlorentem7@hibu.com,Female,54.146.26.127,Lek
07/21/1974,Balduin,McGiffie,bmcgiffiem8@hexun.com,Male,220.184.227.72,Zloty
09/14/2001,Cal,Lethabridge,clethabridgem9@histats.com,Female,237.161.93.72,Peso
02/18/1986,Verine,Aleveque,valevequema@si.edu,Female,220.91.152.120,Rupiah
03/03/1976,Levy,Farman,lfarmanmb@phoca.cz,Male,10.96.39.248,Yuan Renminbi
10/10/2006,Kenna,Guerre,kguerremc@people.com.cn,Female,98.193.238.132,Yuan Renminbi
04/09/1948,Hermy,Skittle,hskittlemd@a8.net,Agender,197.167.166.157,Shilling
04/04/1967,Norry,Naldrett,nnaldrettme@reverbnation.com,Female,3.16.183.178,Peso
01/28/1922,Saunders,Jillins,sjillinsmf@imdb.com,Male,87.127.50.141,Euro
08/04/1930,Debi,Pordall,dpordallmg@diigo.com,Female,82.21.132.212,Rupiah
06/28/1972,Franciskus,Grinnell,fgrinnellmh@dyndns.org,Bigender,46.146.95.44,Peso
11/23/1925,Carole,Beers,cbeersmi@ezinearticles.com,Female,44.111.112.217,Zloty
12/22/1984,Matelda,Liddard,mliddardmj@fema.gov,Female,162.205.197.249,Yuan Renminbi
12/06/1920,Penny,Nisot,pnisotmk@nifty.com,Female,8.228.4.219,Koruna
05/28/1999,Nickolas,Colum,ncolumml@tripod.com,Male,53.131.231.237,Somoni
09/25/1992,Mair,Ierland,mierlandmm@arstechnica.com,Female,160.3.57.241,Kuna
03/21/1965,Hasty,Hudleston,hhudlestonmn@quantcast.com,Male,80.212.143.174,Yuan Renminbi
02/10/1947,Ilise,McIver,imcivermo@squarespace.com,Female,150.11.143.9,Euro
10/01/1938,Cherin,Founds,cfoundsmp@ezinearticles.com,Female,251.207.41.54,Yen
01/07/1961,Colas,Fridd,cfriddmq@infoseek.co.jp,Male,5.212.18.228,Rupiah
08/05/1985,Padraic,Lattimore,plattimoremr@microsoft.com,Male,103.20.30.50,Zloty
05/19/1948,Heinrick,Henighan,hhenighanms@stanford.edu,Male,20.139.132.218,Dinar
08/28/1969,Fabio,Marder,fmardermt@webs.com,Male,122.7.205.157,Won
02/08/1933,Matthus,Melrose,mmelrosemu@last.fm,Male,18.237.122.55,Euro
11/22/1926,Lorianne,Gilleon,lgilleonmv@tripod.com,Agender,233.222.101.59,Real
11/23/1989,Katheryn,Ferencowicz,kferencowiczmw@redcross.org,Genderfluid,130.224.76.145,Zloty
12/01/1990,Boy,Gilstin,bgilstinmx@apache.org,Male,19.197.43.139,Yuan Renminbi
11/30/1957,Ophelia,Rehorek,orehorekmy@go.com,Female,240.101.194.117,Kwacha
08/02/1970,Haleigh,Gillan,hgillanmz@addthis.com,Female,168.144.105.15,Krona
04/01/1971,Say,Edbrooke,sedbrooken0@ucla.edu,Male,62.167.123.88,Rupiah
11/15/2005,Devi,Ferrarone,dferraronen1@npr.org,Female,20.147.103.52,Yuan Renminbi
10/08/1996,Lutero,D'Hooge,ldhoogen2@google.ru,Male,122.17.171.203,Krona
02/23/1968,Ardine,Spir,aspirn3@nih.gov,Female,80.126.129.174,Peso
04/12/1963,Hammad,Standbridge,hstandbridgen4@bizjournals.com,Male,242.227.177.203,Yuan Renminbi
09/18/1997,Nikkie,Flanaghan,nflanaghann5@e-recht24.de,Female,111.149.33.218,Yuan Renminbi
03/12/1936,Maggie,Etock,metockn6@latimes.com,Genderqueer,16.223.101.123,Yuan Renminbi
10/29/1965,Ashby,Brunone,abrunonen7@qq.com,Male,85.71.162.210,Zloty
07/19/1951,Carine,Greasty,cgreastyn8@scientificamerican.com,Female,230.246.16.189,Krona
07/23/1929,Daphna,Schirok,dschirokn9@flickr.com,Agender,25.104.225.182,Colon
01/17/1938,Mathias,Levermore,mlevermorena@simplemachines.org,Male,195.111.213.26,Quetzal
09/21/2005,Reg,Lawlan,rlawlannb@usatoday.com,Male,47.115.170.84,Peso
04/13/1986,Brew,Vampouille,bvampouillenc@blog.com,Male,150.218.121.68,Euro
11/07/1921,Hillier,Crewes,hcrewesnd@discovery.com,Male,4.162.34.177,Yuan Renminbi
02/07/1955,Roze,De Caroli,rdecaroline@networksolutions.com,Female,18.230.21.207,Rupiah
01/14/1996,Olva,Capnor,ocapnornf@topsy.com,Female,39.24.53.234,Hryvnia
09/24/1920,Kessiah,Grimstead,kgrimsteadng@acquirethisname.com,Female,45.54.177.146,Yen
03/28/1973,Derwin,Oliff,doliffnh@wikispaces.com,Male,147.192.73.176,Ruble
12/13/1933,Bria,Kubik,bkubikni@yolasite.com,Female,229.0.132.223,Pound
08/25/1928,Hoebart,MacAlester,hmacalesternj@clickbank.net,Male,252.74.244.37,Ruble
09/03/1955,Myrtle,Durno,mdurnonk@plala.or.jp,Female,113.189.241.126,Euro
02/06/1943,Wolfy,Atter,watternl@cafepress.com,Male,104.191.229.121,Yuan Renminbi
04/05/1921,Keefer,Adamovich,kadamovichnm@omniture.com,Male,79.84.65.175,Yuan Renminbi
04/27/1988,Oswald,Gourlie,ogourlienn@marketwatch.com,Male,152.33.138.164,Hryvnia
01/16/1932,Aksel,Lilian,alilianno@linkedin.com,Male,157.153.254.80,Guarani
07/01/1966,Rurik,Filon,rfilonnp@flickr.com,Male,43.201.63.88,Dirham
10/15/1978,Shelden,Fiddian,sfiddiannq@blog.com,Male,225.66.20.253,Ruble
11/15/1988,Sholom,Blackmoor,sblackmoornr@360.cn,Male,234.169.126.200,Ruble
07/11/1988,Patrice,Pautot,ppautotns@ox.ac.uk,Female,36.251.43.241,Rupiah
12/15/1932,Wilden,Slegg,wsleggnt@godaddy.com,Male,67.209.92.189,Ruble
09/25/1920,Rachel,Paoletto,rpaolettonu@tuttocitta.it,Female,241.132.166.88,Dollar
01/13/1996,Bonita,Iddins,biddinsnv@taobao.com,Female,26.157.213.198,Peso
06/10/1953,Karola,Wrack,kwracknw@nbcnews.com,Female,88.193.6.73,Peso
05/19/1995,Merry,Kundt,mkundtnx@cbc.ca,Male,21.56.57.156,Ruble
06/07/2001,Cornelia,Genicke,cgenickeny@ifeng.com,Female,161.5.217.47,Sol
08/16/1929,Garald,Munnery,gmunnerynz@bing.com,Male,21.247.152.106,Yuan Renminbi
04/15/1984,Augusto,Skittle,askittleo0@time.com,Male,237.211.77.147,Afghani
01/19/2006,Viviene,D'Antonio,vdantonioo1@rakuten.co.jp,Female,129.36.212.219,Lari
07/11/2004,Beulah,O'Kinneally,bokinneallyo2@fc2.com,Female,175.254.241.99,Ruble
09/28/1949,Daisie,Trusse,dtrusseo3@slideshare.net,Female,58.54.36.158,Peso
03/20/1965,Aldin,Primarolo,aprimaroloo4@php.net,Male,1.225.19.104,Rupiah
09/19/1955,Dulcy,Pembry,dpembryo5@lycos.com,Female,110.6.208.49,Euro
08/09/1980,Shurwood,Balma,sbalmao6@google.nl,Male,144.127.67.88,Real
08/06/2008,Teodoor,Fleetham,tfleethamo7@facebook.com,Male,201.63.253.166,Ruble
06/15/1969,Marjy,Brimilcombe,mbrimilcombeo8@google.nl,Female,193.47.239.117,Balboa
09/09/1944,Jacinta,Rickeard,jrickeardo9@usgs.gov,Female,111.230.14.157,Yuan Renminbi
02/25/1940,Barbabra,Applebee,bapplebeeoa@instagram.com,Female,158.46.133.8,Hryvnia
12/02/1976,Esdras,Anster,eansterob@nymag.com,Male,31.156.4.6,Yuan Renminbi
03/26/1971,Paulie,Cumberlidge,pcumberlidgeoc@meetup.com,Male,80.160.40.163,Rupiah
12/20/1993,Valentijn,Scamadin,vscamadinod@howstuffworks.com,Male,71.162.104.117,Real
04/25/1940,Nap,Schultze,nschultzeoe@imdb.com,Male,223.105.94.247,Peso
08/05/1964,Micheil,Entwhistle,mentwhistleof@fotki.com,Male,214.168.151.57,Peso
06/06/1926,Aube,Bainton,abaintonog@deviantart.com,Male,85.245.139.24,Yuan Renminbi
11/12/1923,Ruperta,Jacobs,rjacobsoh@yahoo.com,Female,245.99.51.208,Dollar
11/14/1954,Darice,Quimby,dquimbyoi@list-manage.com,Bigender,166.38.201.72,Yuan Renminbi
06/20/1965,Maddy,Wagen,mwagenoj@de.vu,Female,155.238.194.219,Yuan Renminbi
12/08/1950,Eleanor,Laye,elayeok@usatoday.com,Female,154.172.177.39,Yuan Renminbi
07/11/1972,Mozes,Flux,mfluxol@wisc.edu,Male,74.4.2.162,Peso
10/29/1974,Ward,Deem,wdeemom@delicious.com,Male,56.103.131.52,Euro
03/23/1981,Patty,Bockin,pbockinon@marketwatch.com,Male,227.187.226.111,Yuan Renminbi
12/08/1945,Winonah,Winnett,wwinnettoo@wufoo.com,Female,182.67.117.17,Peso
02/10/1949,Trey,Simoncelli,tsimoncelliop@biblegateway.com,Male,81.219.245.4,Rupiah
10/11/1965,Jillie,Broomfield,jbroomfieldoq@biblegateway.com,Bigender,36.59.149.45,Yuan Renminbi
07/05/2002,Kendrick,Matuszynski,kmatuszynskior@is.gd,Male,138.192.143.166,Real
06/21/1996,Holly,Boram,hboramos@hubpages.com,Non-binary,84.236.200.164,Ruble
08/09/1981,Jaquenetta,Keers,jkeersot@typepad.com,Female,200.240.178.43,Euro
08/11/1971,Raimund,Petchell,rpetchellou@yandex.ru,Male,173.167.243.144,Ruble
01/22/1950,Cosetta,Christopherson,cchristophersonov@seattletimes.com,Female,100.60.20.85,Won
03/09/1965,Ricca,Galey,rgaleyow@hubpages.com,Female,59.109.230.148,Zloty
12/14/1966,Dixie,Ertel,dertelox@ezinearticles.com,Female,0.69.101.44,Peso
07/31/1937,Dion,Fendlow,dfendlowoy@biglobe.ne.jp,Female,174.30.22.161,Ruble
11/20/1923,Birch,Stow,bstowoz@shinystat.com,Male,17.187.121.117,Euro
01/30/1959,Sile,Smogur,ssmogurp0@reference.com,Female,81.197.141.203,Rupiah
05/03/1961,Zorah,Howling,zhowlingp1@opensource.org,Female,110.248.219.152,Real
04/17/1992,Ignacius,Tutin,itutinp2@oaic.gov.au,Male,149.15.135.221,Rial
10/15/1924,Elbert,Rhodes,erhodesp3@who.int,Male,4.53.250.76,Yuan Renminbi
01/06/1945,Claus,Aston,castonp4@guardian.co.uk,Male,202.167.93.7,Rupiah
01/02/1931,Joanna,Rosetti,jrosettip5@ycombinator.com,Female,134.182.96.134,Dollar
10/11/1972,Kory,Cosford,kcosfordp6@zdnet.com,Male,54.34.48.75,Euro
07/04/2005,Jewell,Barlee,jbarleep7@tinyurl.com,Female,43.148.157.120,Yuan Renminbi
11/29/1964,Terri,Gowen,tgowenp8@mozilla.com,Male,253.33.30.29,Peso
11/21/1938,Raddie,Borrell,rborrellp9@google.com.br,Male,106.189.55.106,Peso
04/29/1929,Page,Rilston,prilstonpa@angelfire.com,Male,160.130.138.141,Koruna
10/29/1947,Frazer,Lease,fleasepb@admin.ch,Male,33.65.2.106,Euro
03/09/1953,Thadeus,Walkingshaw,twalkingshawpc@irs.gov,Male,7.44.60.109,Koruna
05/22/1945,Phylys,Witts,pwittspd@exblog.jp,Female,67.237.75.174,Peso
02/09/1957,Amandie,Threader,athreaderpe@whitehouse.gov,Female,108.184.181.93,Euro
08/30/2008,Barrie,Arnaudot,barnaudotpf@cloudflare.com,Female,31.154.68.73,Rial
10/20/1977,Pippy,Baskett,pbaskettpg@trellian.com,Genderqueer,166.200.169.128,Ringgit
11/17/1963,Robenia,Rogers,rrogersph@microsoft.com,Female,253.136.163.214,Koruna
09/23/1925,Ravid,Tynan,rtynanpi@opensource.org,Male,51.48.95.178,Peso
10/27/1965,Weylin,Pancost,wpancostpj@issuu.com,Male,219.187.231.51,Rupiah
03/24/2003,Chauncey,Duplan,cduplanpk@newyorker.com,Agender,228.137.9.44,Yuan Renminbi
04/04/1977,Terri,Canton,tcantonpl@bizjournals.com,Male,127.139.147.103,Euro
04/26/1922,Haydon,Campion,hcampionpm@ox.ac.uk,Male,98.132.10.155,Somoni
09/10/1996,Kev,Dummett,kdummettpn@dropbox.com,Male,109.109.3.24,Euro
01/30/1972,Jillana,Stutard,jstutardpo@va.gov,Female,153.131.181.153,Cordoba
10/31/1956,Genevieve,O'Sheils,gosheilspp@arizona.edu,Female,66.55.168.97,Rupiah
06/03/1929,Keefe,Kumar,kkumarpq@123-reg.co.uk,Male,10.164.6.65,Rupiah
11/03/1962,Ted,Seaward,tseawardpr@craigslist.org,Male,172.168.30.32,Yuan Renminbi
11/22/2007,Kesley,Dy,kdyps@ning.com,Bigender,106.98.89.21,Franc
01/09/1923,Nat,Vose,nvosept@netscape.com,Male,119.174.88.77,Sol
05/18/1948,Broddy,LAbbet,blabbetpu@bluehost.com,Bigender,210.29.105.130,Peso
04/23/1949,Quintin,Thomlinson,qthomlinsonpv@stanford.edu,Bigender,180.42.222.120,Ruble
08/21/1987,Oren,Wanklyn,owanklynpw@sourceforge.net,Male,1.119.53.139,Tugrik
08/07/1980,Angelique,Mathis,amathispx@java.com,Female,2.129.74.106,Real
10/26/1937,Anjanette,Broxis,abroxispy@ow.ly,Female,203.153.225.221,Dong
12/09/1929,Thornton,Hollebon,thollebonpz@guardian.co.uk,Male,252.246.58.18,Tenge
08/24/1985,Kermie,Kenninghan,kkenninghanq0@over-blog.com,Male,214.114.198.175,Rupiah
03/04/1955,Lauri,Kolak,lkolakq1@walmart.com,Female,138.181.91.73,Yuan Renminbi
05/13/1983,Boothe,Sivyour,bsivyourq2@mlb.com,Male,129.22.190.213,Yuan Renminbi
10/17/2009,Sheryl,Griffitt,sgriffittq3@marketwatch.com,Female,131.199.67.116,Yuan Renminbi
06/04/2003,Konrad,Ciotto,kciottoq4@wufoo.com,Male,115.63.191.138,Koruna
01/16/1945,Duffie,Syplus,dsyplusq5@tripod.com,Male,69.238.110.142,Peso
12/04/1966,Mozes,Banasevich,mbanasevichq6@upenn.edu,Male,234.113.89.68,Yuan Renminbi
09/30/1953,Carine,Real,crealq7@pen.io,Female,184.125.66.236,Krona
12/07/1972,Karina,Nolder,knolderq8@unesco.org,Genderfluid,154.145.82.162,Euro
02/26/1996,Ephrem,Buddleigh,ebuddleighq9@com.com,Male,179.119.244.184,Rupiah
01/01/2002,Nicky,Glynn,nglynnqa@weebly.com,Female,118.123.52.76,Rupiah
04/23/1950,Travis,Alfonsini,talfonsiniqb@washington.edu,Male,241.82.204.42,Euro
01/31/1951,Sandy,Masson,smassonqc@zdnet.com,Male,160.73.225.26,Rial
08/28/1976,Jedidiah,Lawlie,jlawlieqd@elegantthemes.com,Male,93.248.222.226,Real
06/20/1937,Barnie,Rozsa,brozsaqe@miitbeian.gov.cn,Male,240.252.28.224,Yuan Renminbi
08/26/1921,Jamesy,Coughlan,jcoughlanqf@smugmug.com,Male,239.141.76.238,Yuan Renminbi
03/20/1989,Lolita,Divina,ldivinaqg@theatlantic.com,Female,6.107.33.203,Yuan Renminbi
07/03/1971,Karalee,Springthorp,kspringthorpqh@trellian.com,Female,108.241.253.231,Yuan Renminbi
06/26/1953,Jyoti,Pruce,jpruceqi@123-reg.co.uk,Female,123.181.99.18,Yuan Renminbi
06/08/1972,Ladonna,St. Queintain,lstqueintainqj@nih.gov,Female,252.152.63.24,Yuan Renminbi
06/19/1998,Cassius,Samsworth,csamsworthqk@clickbank.net,Male,169.0.77.152,Peso
04/24/1950,Babita,Gurdon,bgurdonql@ustream.tv,Female,239.95.99.191,Dollar
02/22/1994,Wyn,Brideau,wbrideauqm@hibu.com,Male,130.116.230.156,Bolivar
04/20/1922,Salomone,Hotton,shottonqn@mashable.com,Male,0.68.61.70,Baht
09/19/1957,Demetri,Diggin,ddigginqo@rakuten.co.jp,Male,197.23.174.70,Yuan Renminbi
06/16/2008,Rebbecca,Shier,rshierqp@sina.com.cn,Female,111.105.161.168,Euro
10/03/1965,Tally,Tomlinson,ttomlinsonqq@posterous.com,Male,87.45.227.181,Rupiah
03/11/1970,Pen,Cruess,pcruessqr@usnews.com,Female,49.180.24.190,Rial
03/20/2006,Tobe,Marler,tmarlerqs@google.de,Non-binary,163.91.165.84,Baht
10/07/1953,Anjela,Drewet,adrewetqt@google.nl,Female,116.180.75.127,Zloty
10/01/1958,Payton,Leeming,pleemingqu@indiegogo.com,Male,39.80.245.157,Hryvnia
07/09/1968,Ricki,Astle,rastleqv@lycos.com,Female,98.81.204.111,Euro
06/24/1944,Verne,Larmor,vlarmorqw@cdc.gov,Male,0.45.202.152,Yuan Renminbi
10/01/1985,Cullen,MacCaffery,cmaccafferyqx@wikipedia.org,Male,160.168.10.198,Peso
05/19/1949,Fulton,Whitrod,fwhitrodqy@vimeo.com,Male,11.126.71.196,Euro
02/17/1952,Marcus,Hatwell,mhatwellqz@globo.com,Male,193.126.206.15,Hryvnia
07/11/1958,Afton,Bearne,abearner0@creativecommons.org,Female,24.0.145.210,Euro
12/04/1988,Eliot,Durdle,edurdler1@tamu.edu,Male,84.52.238.230,Euro
03/24/2005,Glennis,Negri,gnegrir2@jalbum.net,Female,55.91.144.50,Krona
11/28/2007,Tailor,Piaggia,tpiaggiar3@usgs.gov,Male,140.23.221.120,Euro
09/23/1977,Rollins,Delmonti,rdelmontir4@plala.or.jp,Male,249.106.76.107,Ruble
08/02/1996,Arlen,Climson,aclimsonr5@usda.gov,Male,238.60.70.80,Dollar
08/22/1987,Alexandro,Wethered,awetheredr6@walmart.com,Male,199.213.172.143,Zloty
09/18/1950,Marielle,McCullogh,mmcculloghr7@nasa.gov,Female,240.69.120.145,Real
08/27/2005,Riannon,Bassick,rbassickr8@home.pl,Female,37.39.42.90,Yuan Renminbi
01/03/1925,Minnnie,Cotterell,mcotterellr9@discuz.net,Female,213.110.130.73,Real
04/29/1936,Brita,Kilbey,bkilbeyra@fda.gov,Female,205.51.97.69,Rial
03/10/1999,Amberly,Ollarenshaw,aollarenshawrb@vistaprint.com,Female,144.240.70.45,Rupiah
10/19/1989,Zach,Cruft,zcruftrc@barnesandnoble.com,Male,118.188.139.127,Real
07/17/1982,Scarlett,Hearle,shearlerd@newyorker.com,Female,49.19.161.170,Franc
02/10/1976,Jaquelin,Reddick,jreddickre@google.de,Female,186.9.209.174,Yuan Renminbi
06/30/1942,Dwain,Zanardii,dzanardiirf@deviantart.com,Male,27.8.226.55,Yuan Renminbi
02/24/1971,Anna-diane,Breakwell,abreakwellrg@senate.gov,Female,131.109.133.217,Euro
09/15/1945,Benson,Dwine,bdwinerh@vkontakte.ru,Male,55.82.4.218,Kuna
02/09/1956,Hamel,Rosevear,hrosevearri@ehow.com,Male,70.47.7.69,Peso
07/07/1929,Meredith,Blois,mbloisrj@printfriendly.com,Female,99.254.64.131,Ruble
02/20/2010,Spence,Paulack,spaulackrk@amazon.co.jp,Male,109.22.197.85,Yuan Renminbi
03/30/1950,Colas,Del Dello,cdeldellorl@people.com.cn,Male,38.124.204.224,Rupiah
10/31/1954,Shellie,Eagell,seagellrm@paginegialle.it,Female,103.240.50.215,Yuan Renminbi
07/20/1925,Isadore,Jickells,ijickellsrn@themeforest.net,Male,155.138.113.6,Euro
05/17/1929,Whitaker,Bleythin,wbleythinro@hostgator.com,Male,201.194.217.84,Real
06/03/1933,Aveline,Dightham,adighthamrp@bandcamp.com,Female,127.107.195.180,Yuan Renminbi
05/06/1980,Boony,Wallworth,bwallworthrq@blogspot.com,Male,167.113.71.26,Ruble
08/25/1920,Georgine,Cork,gcorkrr@uol.com.br,Female,167.138.133.183,Peso
